// Generated by make_cat.py — do not edit
// Original pixel-art cat for the nm-rf-hat boot screen.
#pragma once
#include <stdint.h>

#define CAT_W 147
#define CAT_H 96
#define CAT_TRANSPARENT 0xF81F   // magenta key; pixels with this value are not drawn

static const uint16_t cat_sprite[CAT_W * CAT_H] = {
    0xF81F, 0xF81F, 0xF81F, 0xF81F, 0xF81F, 0xF81F, 0xFF8C, 0xFF8C, 0xFF8C, 0xF81F, 0xF81F, 0xF81F,
    0xF81F, 0xF81F, 0xF81F, 0xF81F, 0xF81F, 0xF81F, 0xF81F, 0xF81F, 0xF81F, 0xF81F, 0xF81F, 0xF81F,
    0xF81F, 0xF81F, 0xF81F, 0xF81F, 0xF81F, 0xF81F, 0xF81F, 0xF81F, 0xF81F, 0xF81F, 0xF81F, 0xF81F,
    0xF81F, 0xF81F, 0xF81F, 0xF81F, 0xF81F, 0xF81F, 0xF81F, 0xF81F, 0xF81F, 0xF81F, 0xF81F, 0xF81F,
    0xF81F, 0xF81F, 0xF81F, 0xF81F, 0xF81F, 0xF81F, 0xF81F, 0xF81F, 0xF81F, 0xF81F, 0xF81F, 0xF81F,
    0xF81F, 0xF81F, 0xF81F, 0xF81F, 0xF81F, 0xF81F, 0xF81F, 0xF81F, 0xF81F, 0xF81F, 0xF81F, 0xF81F,
    0xF81F, 0xF81F, 0xF81F, 0xF81F, 0xF81F, 0xF81F, 0xF81F, 0xF81F, 0xF81F, 0xF81F, 0xF81F, 0xF81F,
    0xF81F, 0xF81F, 0xF81F, 0xF81F, 0xF81F, 0xF81F, 0xF81F, 0xF81F, 0xF81F, 0xF81F, 0xF81F, 0xF81F,
    0xF81F, 0xF81F, 0xF81F, 0xF81F, 0xF81F, 0xF81F, 0xF81F, 0xF81F, 0xF81F, 0xF81F, 0xF81F, 0xF81F,
    0xF81F, 0xF81F, 0xF81F, 0xF81F, 0xF81F, 0xF81F, 0xF81F, 0xF81F, 0xF81F, 0xF81F, 0xF81F, 0xF81F,
    0xF81F, 0xF81F, 0xF81F, 0xF81F, 0xF81F, 0xF81F, 0xF81F, 0xF81F, 0xF81F, 0xF81F, 0xF81F, 0xF81F,
    0xF81F, 0xF81F, 0xF81F, 0xF81F, 0xF81F, 0xF81F, 0xF81F, 0xF81F, 0xF81F, 0xF81F, 0xF81F, 0xF81F,
    0xF81F, 0xF81F, 0xF81F,
    0xF81F, 0xF81F, 0xF81F, 0xF81F, 0xF81F, 0xF81F, 0xFF8C, 0xFF8C, 0xFF8C, 0xF81F, 0xF81F, 0xF81F,
    0xF81F, 0xF81F, 0xF81F, 0xF81F, 0xF81F, 0xF81F, 0xF81F, 0xF81F, 0xF81F, 0xF81F, 0xF81F, 0xF81F,
    0xF81F, 0xF81F, 0xF81F, 0xF81F, 0xF81F, 0xF81F, 0xF81F, 0xF81F, 0xF81F, 0xF81F, 0xF81F, 0xF81F,
    0xF81F, 0xF81F, 0xF81F, 0xF81F, 0xF81F, 0xF81F, 0xF81F, 0xF81F, 0xF81F, 0xF81F, 0xF81F, 0xF81F,
    0xF81F, 0xF81F, 0xF81F, 0xF81F, 0xF81F, 0xF81F, 0xF81F, 0xF81F, 0xF81F, 0xF81F, 0xF81F, 0xF81F,
    0xF81F, 0xF81F, 0xF81F, 0xF81F, 0xF81F, 0xF81F, 0xF81F, 0xF81F, 0xF81F, 0xF81F, 0xF81F, 0xF81F,
    0xF81F, 0xF81F, 0xF81F, 0xF81F, 0xF81F, 0xF81F, 0xF81F, 0xF81F, 0xF81F, 0xF81F, 0xF81F, 0xF81F,
    0xF81F, 0xF81F, 0xF81F, 0xF81F, 0xF81F, 0xF81F, 0xF81F, 0xF81F, 0xF81F, 0xF81F, 0xF81F, 0xF81F,
    0xF81F, 0xF81F, 0xF81F, 0xF81F, 0xF81F, 0xF81F, 0xF81F, 0xF81F, 0xF81F, 0xF81F, 0xF81F, 0xF81F,
    0xF81F, 0xF81F, 0xF81F, 0xF81F, 0xF81F, 0xF81F, 0xF81F, 0xF81F, 0xF81F, 0xF81F, 0xF81F, 0xF81F,
    0xF81F, 0xF81F, 0xF81F, 0xF81F, 0xF81F, 0xF81F, 0xF81F, 0xF81F, 0xF81F, 0xF81F, 0xF81F, 0xF81F,
    0xF81F, 0xF81F, 0xF81F, 0xF81F, 0xF81F, 0xF81F, 0xF81F, 0xF81F, 0xF81F, 0xF81F, 0xF81F, 0xF81F,
    0xF81F, 0xF81F, 0xF81F,
    0xF81F, 0xF81F, 0xF81F, 0xF81F, 0xF81F, 0xF81F, 0xFF8C, 0xFF8C, 0xFF8C, 0xF81F, 0xF81F, 0xF81F,
    0xF81F, 0xF81F, 0xF81F, 0xF81F, 0xF81F, 0xF81F, 0xF81F, 0xF81F, 0xF81F, 0xF81F, 0xF81F, 0xF81F,
    0xF81F, 0xF81F, 0xF81F, 0xF81F, 0xF81F, 0xF81F, 0xF81F, 0xF81F, 0xF81F, 0xF81F, 0xF81F, 0xF81F,
    0xF81F, 0xF81F, 0xF81F, 0xF81F, 0xF81F, 0xF81F, 0xF81F, 0xF81F, 0xF81F, 0xF81F, 0xF81F, 0xF81F,
    0xF81F, 0xF81F, 0xF81F, 0xF81F, 0xF81F, 0xF81F, 0xF81F, 0xF81F, 0xF81F, 0xF81F, 0xF81F, 0xF81F,
    0xF81F, 0xF81F, 0xF81F, 0xF81F, 0xF81F, 0xF81F, 0xF81F, 0xF81F, 0xF81F, 0xF81F, 0xF81F, 0xF81F,
    0xF81F, 0xF81F, 0xF81F, 0xF81F, 0xF81F, 0xF81F, 0xF81F, 0xF81F, 0xF81F, 0xF81F, 0xF81F, 0xF81F,
    0xF81F, 0xF81F, 0xF81F, 0xF81F, 0xF81F, 0xF81F, 0xF81F, 0xF81F, 0xF81F, 0xF81F, 0xF81F, 0xF81F,
    0xF81F, 0xF81F, 0xF81F, 0xF81F, 0xF81F, 0xF81F, 0xF81F, 0xF81F, 0xF81F, 0xF81F, 0xF81F, 0xF81F,
    0xF81F, 0xF81F, 0xF81F, 0xF81F, 0xF81F, 0xF81F, 0xF81F, 0xF81F, 0xF81F, 0xF81F, 0xF81F, 0xF81F,
    0xF81F, 0xF81F, 0xF81F, 0xF81F, 0xF81F, 0xF81F, 0xF81F, 0xF81F, 0xF81F, 0xF81F, 0xF81F, 0xF81F,
    0xF81F, 0xF81F, 0xF81F, 0xF81F, 0xF81F, 0xF81F, 0xF81F, 0xF81F, 0xF81F, 0xF81F, 0xF81F, 0xF81F,
    0xF81F, 0xF81F, 0xF81F,
    0xF81F, 0xF81F, 0xF81F, 0xF81F, 0xF81F, 0xF81F, 0xFF8C, 0xFF8C, 0xFF8C, 0xF81F, 0xF81F, 0xF81F,
    0xF81F, 0xF81F, 0xF81F, 0xF81F, 0xF81F, 0xF81F, 0xF81F, 0xF81F, 0xF81F, 0xF81F, 0xF81F, 0xF81F,
    0xF81F, 0xF81F, 0xF81F, 0x38E7, 0x38E7, 0x38E7, 0x38E7, 0x38E7, 0x38E7, 0xF81F, 0xF81F, 0xF81F,
    0xF81F, 0xF81F, 0xF81F, 0xF81F, 0xF81F, 0xF81F, 0xF81F, 0xF81F, 0xF81F, 0xF81F, 0xF81F, 0xF81F,
    0xF81F, 0xF81F, 0xF81F, 0xF81F, 0xF81F, 0xF81F, 0xF81F, 0xF81F, 0xF81F, 0xF81F, 0xF81F, 0xF81F,
    0xF81F, 0xF81F, 0xF81F, 0xF81F, 0xF81F, 0xF81F, 0xF81F, 0xF81F, 0xF81F, 0xF81F, 0xF81F, 0xF81F,
    0xF81F, 0xF81F, 0xF81F, 0xF81F, 0xF81F, 0xF81F, 0xF81F, 0xF81F, 0xF81F, 0xF81F, 0xF81F, 0xF81F,
    0xF81F, 0xF81F, 0xF81F, 0xF81F, 0xF81F, 0xF81F, 0xF81F, 0xF81F, 0xF81F, 0xF81F, 0xF81F, 0xF81F,
    0xF81F, 0xF81F, 0xF81F, 0x38E7, 0x38E7, 0x38E7, 0x38E7, 0x38E7, 0x38E7, 0xF81F, 0xF81F, 0xF81F,
    0xF81F, 0xF81F, 0xF81F, 0xF81F, 0xF81F, 0xF81F, 0xF81F, 0xF81F, 0xF81F, 0xF81F, 0xF81F, 0xF81F,
    0xF81F, 0xF81F, 0xF81F, 0xF81F, 0xF81F, 0xF81F, 0xF81F, 0xF81F, 0xF81F, 0xF81F, 0xF81F, 0xF81F,
    0xF81F, 0xF81F, 0xF81F, 0xF81F, 0xF81F, 0xF81F, 0xF81F, 0xF81F, 0xF81F, 0xF81F, 0xF81F, 0xF81F,
    0xF81F, 0xF81F, 0xF81F,
    0xF81F, 0xF81F, 0xF81F, 0xF81F, 0xF81F, 0xF81F, 0xFF8C, 0xFF8C, 0xFF8C, 0xF81F, 0xF81F, 0xF81F,
    0xF81F, 0xF81F, 0xF81F, 0xF81F, 0xF81F, 0xF81F, 0xF81F, 0xF81F, 0xF81F, 0xF81F, 0xF81F, 0xF81F,
    0xF81F, 0xF81F, 0xF81F, 0x38E7, 0x38E7, 0x38E7, 0x38E7, 0x38E7, 0x38E7, 0xF81F, 0xF81F, 0xF81F,
    0xF81F, 0xF81F, 0xF81F, 0xF81F, 0xF81F, 0xF81F, 0xF81F, 0xF81F, 0xF81F, 0xF81F, 0xF81F, 0xF81F,
    0xF81F, 0xF81F, 0xF81F, 0xF81F, 0xF81F, 0xF81F, 0xF81F, 0xF81F, 0xF81F, 0xF81F, 0xF81F, 0xF81F,
    0xF81F, 0xF81F, 0xF81F, 0xF81F, 0xF81F, 0xF81F, 0xF81F, 0xF81F, 0xF81F, 0xF81F, 0xF81F, 0xF81F,
    0xF81F, 0xF81F, 0xF81F, 0xF81F, 0xF81F, 0xF81F, 0xF81F, 0xF81F, 0xF81F, 0xF81F, 0xF81F, 0xF81F,
    0xF81F, 0xF81F, 0xF81F, 0xF81F, 0xF81F, 0xF81F, 0xF81F, 0xF81F, 0xF81F, 0xF81F, 0xF81F, 0xF81F,
    0xF81F, 0xF81F, 0xF81F, 0x38E7, 0x38E7, 0x38E7, 0x38E7, 0x38E7, 0x38E7, 0xF81F, 0xF81F, 0xF81F,
    0xF81F, 0xF81F, 0xF81F, 0xF81F, 0xF81F, 0xF81F, 0xF81F, 0xF81F, 0xF81F, 0xF81F, 0xF81F, 0xF81F,
    0xF81F, 0xF81F, 0xF81F, 0xF81F, 0xF81F, 0xF81F, 0xF81F, 0xF81F, 0xF81F, 0xF81F, 0xF81F, 0xF81F,
    0xF81F, 0xF81F, 0xF81F, 0xF81F, 0xF81F, 0xF81F, 0xF81F, 0xF81F, 0xF81F, 0xF81F, 0xF81F, 0xF81F,
    0xF81F, 0xF81F, 0xF81F,
    0xF81F, 0xF81F, 0xF81F, 0xF81F, 0xF81F, 0xF81F, 0xFF8C, 0xFF8C, 0xFF8C, 0xF81F, 0xF81F, 0xF81F,
    0xF81F, 0xF81F, 0xF81F, 0xF81F, 0xF81F, 0xF81F, 0xF81F, 0xF81F, 0xF81F, 0xF81F, 0xF81F, 0xF81F,
    0xF81F, 0xF81F, 0xF81F, 0x38E7, 0x38E7, 0x38E7, 0x38E7, 0x38E7, 0x38E7, 0xF81F, 0xF81F, 0xF81F,
    0xF81F, 0xF81F, 0xF81F, 0xF81F, 0xF81F, 0xF81F, 0xF81F, 0xF81F, 0xF81F, 0xF81F, 0xF81F, 0xF81F,
    0xF81F, 0xF81F, 0xF81F, 0xF81F, 0xF81F, 0xF81F, 0xF81F, 0xF81F, 0xF81F, 0xF81F, 0xF81F, 0xF81F,
    0xF81F, 0xF81F, 0xF81F, 0xF81F, 0xF81F, 0xF81F, 0xF81F, 0xF81F, 0xF81F, 0xF81F, 0xF81F, 0xF81F,
    0xF81F, 0xF81F, 0xF81F, 0xF81F, 0xF81F, 0xF81F, 0xF81F, 0xF81F, 0xF81F, 0xF81F, 0xF81F, 0xF81F,
    0xF81F, 0xF81F, 0xF81F, 0xF81F, 0xF81F, 0xF81F, 0xF81F, 0xF81F, 0xF81F, 0xF81F, 0xF81F, 0xF81F,
    0xF81F, 0xF81F, 0xF81F, 0x38E7, 0x38E7, 0x38E7, 0x38E7, 0x38E7, 0x38E7, 0xF81F, 0xF81F, 0xF81F,
    0xF81F, 0xF81F, 0xF81F, 0xF81F, 0xF81F, 0xF81F, 0xF81F, 0xF81F, 0xF81F, 0xF81F, 0xF81F, 0xF81F,
    0xF81F, 0xF81F, 0xF81F, 0xF81F, 0xF81F, 0xF81F, 0xF81F, 0xF81F, 0xF81F, 0xF81F, 0xF81F, 0xF81F,
    0xF81F, 0xF81F, 0xF81F, 0xF81F, 0xF81F, 0xF81F, 0xF81F, 0xF81F, 0xF81F, 0xF81F, 0xF81F, 0xF81F,
    0xF81F, 0xF81F, 0xF81F,
    0xFF8C, 0xFF8C, 0xFF8C, 0xFF8C, 0xFF8C, 0xFF8C, 0xFFFF, 0xFFFF, 0xFFFF, 0xFF8C, 0xFF8C, 0xFF8C,
    0xFF8C, 0xFF8C, 0xFF8C, 0xF81F, 0xF81F, 0xF81F, 0xF81F, 0xF81F, 0xF81F, 0xF81F, 0xF81F, 0xF81F,
    0xF81F, 0xF81F, 0xF81F, 0x38E7, 0x38E7, 0x38E7, 0xFD48, 0xFD48, 0xFD48, 0x38E7, 0x38E7, 0x38E7,
    0xF81F, 0xF81F, 0xF81F, 0xF81F, 0xF81F, 0xF81F, 0xF81F, 0xF81F, 0xF81F, 0xF81F, 0xF81F, 0xF81F,
    0xF81F, 0xF81F, 0xF81F, 0xF81F, 0xF81F, 0xF81F, 0xF81F, 0xF81F, 0xF81F, 0xF81F, 0xF81F, 0xF81F,
    0xF81F, 0xF81F, 0xF81F, 0xF81F, 0xF81F, 0xF81F, 0xF81F, 0xF81F, 0xF81F, 0xF81F, 0xF81F, 0xF81F,
    0xF81F, 0xF81F, 0xF81F, 0xF81F, 0xF81F, 0xF81F, 0xF81F, 0xF81F, 0xF81F, 0xF81F, 0xF81F, 0xF81F,
    0xF81F, 0xF81F, 0xF81F, 0xF81F, 0xF81F, 0xF81F, 0xF81F, 0xF81F, 0xF81F, 0xF81F, 0xF81F, 0xF81F,
    0x38E7, 0x38E7, 0x38E7, 0xFD48, 0xFD48, 0xFD48, 0x38E7, 0x38E7, 0x38E7, 0xF81F, 0xF81F, 0xF81F,
    0xF81F, 0xF81F, 0xF81F, 0xF81F, 0xF81F, 0xF81F, 0xF81F, 0xF81F, 0xF81F, 0xF81F, 0xF81F, 0xF81F,
    0xF81F, 0xF81F, 0xF81F, 0xF81F, 0xF81F, 0xF81F, 0xF81F, 0xF81F, 0xF81F, 0xF81F, 0xF81F, 0xF81F,
    0xF81F, 0xF81F, 0xF81F, 0xF81F, 0xF81F, 0xF81F, 0xF81F, 0xF81F, 0xF81F, 0xF81F, 0xF81F, 0xF81F,
    0xF81F, 0xF81F, 0xF81F,
    0xFF8C, 0xFF8C, 0xFF8C, 0xFF8C, 0xFF8C, 0xFF8C, 0xFFFF, 0xFFFF, 0xFFFF, 0xFF8C, 0xFF8C, 0xFF8C,
    0xFF8C, 0xFF8C, 0xFF8C, 0xF81F, 0xF81F, 0xF81F, 0xF81F, 0xF81F, 0xF81F, 0xF81F, 0xF81F, 0xF81F,
    0xF81F, 0xF81F, 0xF81F, 0x38E7, 0x38E7, 0x38E7, 0xFD48, 0xFD48, 0xFD48, 0x38E7, 0x38E7, 0x38E7,
    0xF81F, 0xF81F, 0xF81F, 0xF81F, 0xF81F, 0xF81F, 0xF81F, 0xF81F, 0xF81F, 0xF81F, 0xF81F, 0xF81F,
    0xF81F, 0xF81F, 0xF81F, 0xF81F, 0xF81F, 0xF81F, 0xF81F, 0xF81F, 0xF81F, 0xF81F, 0xF81F, 0xF81F,
    0xF81F, 0xF81F, 0xF81F, 0xF81F, 0xF81F, 0xF81F, 0xF81F, 0xF81F, 0xF81F, 0xF81F, 0xF81F, 0xF81F,
    0xF81F, 0xF81F, 0xF81F, 0xF81F, 0xF81F, 0xF81F, 0xF81F, 0xF81F, 0xF81F, 0xF81F, 0xF81F, 0xF81F,
    0xF81F, 0xF81F, 0xF81F, 0xF81F, 0xF81F, 0xF81F, 0xF81F, 0xF81F, 0xF81F, 0xF81F, 0xF81F, 0xF81F,
    0x38E7, 0x38E7, 0x38E7, 0xFD48, 0xFD48, 0xFD48, 0x38E7, 0x38E7, 0x38E7, 0xF81F, 0xF81F, 0xF81F,
    0xF81F, 0xF81F, 0xF81F, 0xF81F, 0xF81F, 0xF81F, 0xF81F, 0xF81F, 0xF81F, 0xF81F, 0xF81F, 0xF81F,
    0xF81F, 0xF81F, 0xF81F, 0xF81F, 0xF81F, 0xF81F, 0xF81F, 0xF81F, 0xF81F, 0xF81F, 0xF81F, 0xF81F,
    0xF81F, 0xF81F, 0xF81F, 0xF81F, 0xF81F, 0xF81F, 0xF81F, 0xF81F, 0xF81F, 0xF81F, 0xF81F, 0xF81F,
    0xF81F, 0xF81F, 0xF81F,
    0xFF8C, 0xFF8C, 0xFF8C, 0xFF8C, 0xFF8C, 0xFF8C, 0xFFFF, 0xFFFF, 0xFFFF, 0xFF8C, 0xFF8C, 0xFF8C,
    0xFF8C, 0xFF8C, 0xFF8C, 0xF81F, 0xF81F, 0xF81F, 0xF81F, 0xF81F, 0xF81F, 0xF81F, 0xF81F, 0xF81F,
    0xF81F, 0xF81F, 0xF81F, 0x38E7, 0x38E7, 0x38E7, 0xFD48, 0xFD48, 0xFD48, 0x38E7, 0x38E7, 0x38E7,
    0xF81F, 0xF81F, 0xF81F, 0xF81F, 0xF81F, 0xF81F, 0xF81F, 0xF81F, 0xF81F, 0xF81F, 0xF81F, 0xF81F,
    0xF81F, 0xF81F, 0xF81F, 0xF81F, 0xF81F, 0xF81F, 0xF81F, 0xF81F, 0xF81F, 0xF81F, 0xF81F, 0xF81F,
    0xF81F, 0xF81F, 0xF81F, 0xF81F, 0xF81F, 0xF81F, 0xF81F, 0xF81F, 0xF81F, 0xF81F, 0xF81F, 0xF81F,
    0xF81F, 0xF81F, 0xF81F, 0xF81F, 0xF81F, 0xF81F, 0xF81F, 0xF81F, 0xF81F, 0xF81F, 0xF81F, 0xF81F,
    0xF81F, 0xF81F, 0xF81F, 0xF81F, 0xF81F, 0xF81F, 0xF81F, 0xF81F, 0xF81F, 0xF81F, 0xF81F, 0xF81F,
    0x38E7, 0x38E7, 0x38E7, 0xFD48, 0xFD48, 0xFD48, 0x38E7, 0x38E7, 0x38E7, 0xF81F, 0xF81F, 0xF81F,
    0xF81F, 0xF81F, 0xF81F, 0xF81F, 0xF81F, 0xF81F, 0xF81F, 0xF81F, 0xF81F, 0xF81F, 0xF81F, 0xF81F,
    0xF81F, 0xF81F, 0xF81F, 0xF81F, 0xF81F, 0xF81F, 0xF81F, 0xF81F, 0xF81F, 0xF81F, 0xF81F, 0xF81F,
    0xF81F, 0xF81F, 0xF81F, 0xF81F, 0xF81F, 0xF81F, 0xF81F, 0xF81F, 0xF81F, 0xF81F, 0xF81F, 0xF81F,
    0xF81F, 0xF81F, 0xF81F,
    0xF81F, 0xF81F, 0xF81F, 0xF81F, 0xF81F, 0xF81F, 0xFF8C, 0xFF8C, 0xFF8C, 0xF81F, 0xF81F, 0xF81F,
    0xF81F, 0xF81F, 0xF81F, 0xF81F, 0xF81F, 0xF81F, 0xF81F, 0xF81F, 0xF81F, 0xF81F, 0xF81F, 0xF81F,
    0xF81F, 0xF81F, 0xF81F, 0x38E7, 0x38E7, 0x38E7, 0xFC76, 0xFC76, 0xFC76, 0xFD48, 0xFD48, 0xFD48,
    0x38E7, 0x38E7, 0x38E7, 0xF81F, 0xF81F, 0xF81F, 0xF81F, 0xF81F, 0xF81F, 0xF81F, 0xF81F, 0xF81F,
    0xF81F, 0xF81F, 0xF81F, 0xF81F, 0xF81F, 0xF81F, 0xF81F, 0xF81F, 0xF81F, 0xF81F, 0xF81F, 0xF81F,
    0xF81F, 0xF81F, 0xF81F, 0xF81F, 0xF81F, 0xF81F, 0xF81F, 0xF81F, 0xF81F, 0xF81F, 0xF81F, 0xF81F,
    0xF81F, 0xF81F, 0xF81F, 0xF81F, 0xF81F, 0xF81F, 0xF81F, 0xF81F, 0xF81F, 0xF81F, 0xF81F, 0xF81F,
    0xF81F, 0xF81F, 0xF81F, 0xF81F, 0xF81F, 0xF81F, 0xF81F, 0xF81F, 0xF81F, 0x38E7, 0x38E7, 0x38E7,
    0xFD48, 0xFD48, 0xFD48, 0xFC76, 0xFC76, 0xFC76, 0x38E7, 0x38E7, 0x38E7, 0xF81F, 0xF81F, 0xF81F,
    0xF81F, 0xF81F, 0xF81F, 0xF81F, 0xF81F, 0xF81F, 0xF81F, 0xF81F, 0xF81F, 0xF81F, 0xF81F, 0xF81F,
    0xF81F, 0xF81F, 0xF81F, 0xF81F, 0xF81F, 0xF81F, 0xF81F, 0xF81F, 0xF81F, 0xF81F, 0xF81F, 0xF81F,
    0xF81F, 0xF81F, 0xF81F, 0xF81F, 0xF81F, 0xF81F, 0xF81F, 0xF81F, 0xF81F, 0xF81F, 0xF81F, 0xF81F,
    0xF81F, 0xF81F, 0xF81F,
    0xF81F, 0xF81F, 0xF81F, 0xF81F, 0xF81F, 0xF81F, 0xFF8C, 0xFF8C, 0xFF8C, 0xF81F, 0xF81F, 0xF81F,
    0xF81F, 0xF81F, 0xF81F, 0xF81F, 0xF81F, 0xF81F, 0xF81F, 0xF81F, 0xF81F, 0xF81F, 0xF81F, 0xF81F,
    0xF81F, 0xF81F, 0xF81F, 0x38E7, 0x38E7, 0x38E7, 0xFC76, 0xFC76, 0xFC76, 0xFD48, 0xFD48, 0xFD48,
    0x38E7, 0x38E7, 0x38E7, 0xF81F, 0xF81F, 0xF81F, 0xF81F, 0xF81F, 0xF81F, 0xF81F, 0xF81F, 0xF81F,
    0xF81F, 0xF81F, 0xF81F, 0xF81F, 0xF81F, 0xF81F, 0xF81F, 0xF81F, 0xF81F, 0xF81F, 0xF81F, 0xF81F,
    0xF81F, 0xF81F, 0xF81F, 0xF81F, 0xF81F, 0xF81F, 0xF81F, 0xF81F, 0xF81F, 0xF81F, 0xF81F, 0xF81F,
    0xF81F, 0xF81F, 0xF81F, 0xF81F, 0xF81F, 0xF81F, 0xF81F, 0xF81F, 0xF81F, 0xF81F, 0xF81F, 0xF81F,
    0xF81F, 0xF81F, 0xF81F, 0xF81F, 0xF81F, 0xF81F, 0xF81F, 0xF81F, 0xF81F, 0x38E7, 0x38E7, 0x38E7,
    0xFD48, 0xFD48, 0xFD48, 0xFC76, 0xFC76, 0xFC76, 0x38E7, 0x38E7, 0x38E7, 0xF81F, 0xF81F, 0xF81F,
    0xF81F, 0xF81F, 0xF81F, 0xF81F, 0xF81F, 0xF81F, 0xF81F, 0xF81F, 0xF81F, 0xF81F, 0xF81F, 0xF81F,
    0xF81F, 0xF81F, 0xF81F, 0xF81F, 0xF81F, 0xF81F, 0xF81F, 0xF81F, 0xF81F, 0xF81F, 0xF81F, 0xF81F,
    0xF81F, 0xF81F, 0xF81F, 0xF81F, 0xF81F, 0xF81F, 0xF81F, 0xF81F, 0xF81F, 0xF81F, 0xF81F, 0xF81F,
    0xF81F, 0xF81F, 0xF81F,
    0xF81F, 0xF81F, 0xF81F, 0xF81F, 0xF81F, 0xF81F, 0xFF8C, 0xFF8C, 0xFF8C, 0xF81F, 0xF81F, 0xF81F,
    0xF81F, 0xF81F, 0xF81F, 0xF81F, 0xF81F, 0xF81F, 0xF81F, 0xF81F, 0xF81F, 0xF81F, 0xF81F, 0xF81F,
    0xF81F, 0xF81F, 0xF81F, 0x38E7, 0x38E7, 0x38E7, 0xFC76, 0xFC76, 0xFC76, 0xFD48, 0xFD48, 0xFD48,
    0x38E7, 0x38E7, 0x38E7, 0xF81F, 0xF81F, 0xF81F, 0xF81F, 0xF81F, 0xF81F, 0xF81F, 0xF81F, 0xF81F,
    0xF81F, 0xF81F, 0xF81F, 0xF81F, 0xF81F, 0xF81F, 0xF81F, 0xF81F, 0xF81F, 0xF81F, 0xF81F, 0xF81F,
    0xF81F, 0xF81F, 0xF81F, 0xF81F, 0xF81F, 0xF81F, 0xF81F, 0xF81F, 0xF81F, 0xF81F, 0xF81F, 0xF81F,
    0xF81F, 0xF81F, 0xF81F, 0xF81F, 0xF81F, 0xF81F, 0xF81F, 0xF81F, 0xF81F, 0xF81F, 0xF81F, 0xF81F,
    0xF81F, 0xF81F, 0xF81F, 0xF81F, 0xF81F, 0xF81F, 0xF81F, 0xF81F, 0xF81F, 0x38E7, 0x38E7, 0x38E7,
    0xFD48, 0xFD48, 0xFD48, 0xFC76, 0xFC76, 0xFC76, 0x38E7, 0x38E7, 0x38E7, 0xF81F, 0xF81F, 0xF81F,
    0xF81F, 0xF81F, 0xF81F, 0xF81F, 0xF81F, 0xF81F, 0xF81F, 0xF81F, 0xF81F, 0xF81F, 0xF81F, 0xF81F,
    0xF81F, 0xF81F, 0xF81F, 0xF81F, 0xF81F, 0xF81F, 0xF81F, 0xF81F, 0xF81F, 0xF81F, 0xF81F, 0xF81F,
    0xF81F, 0xF81F, 0xF81F, 0xF81F, 0xF81F, 0xF81F, 0xF81F, 0xF81F, 0xF81F, 0xF81F, 0xF81F, 0xF81F,
    0xF81F, 0xF81F, 0xF81F,
    0xF81F, 0xF81F, 0xF81F, 0xF81F, 0xF81F, 0xF81F, 0xFF8C, 0xFF8C, 0xFF8C, 0xF81F, 0xF81F, 0xF81F,
    0xF81F, 0xF81F, 0xF81F, 0xF81F, 0xF81F, 0xF81F, 0xF81F, 0xF81F, 0xF81F, 0xF81F, 0xF81F, 0xF81F,
    0x38E7, 0x38E7, 0x38E7, 0xFD48, 0xFD48, 0xFD48, 0xFC76, 0xFC76, 0xFC76, 0xFC76, 0xFC76, 0xFC76,
    0xFD48, 0xFD48, 0xFD48, 0x38E7, 0x38E7, 0x38E7, 0xF81F, 0xF81F, 0xF81F, 0xF81F, 0xF81F, 0xF81F,
    0xF81F, 0xF81F, 0xF81F, 0xF81F, 0xF81F, 0xF81F, 0xF81F, 0xF81F, 0xF81F, 0xF81F, 0xF81F, 0xF81F,
    0xF81F, 0xF81F, 0xF81F, 0xF81F, 0xF81F, 0xF81F, 0xF81F, 0xF81F, 0xF81F, 0xF81F, 0xF81F, 0xF81F,
    0xF81F, 0xF81F, 0xF81F, 0xF81F, 0xF81F, 0xF81F, 0xF81F, 0xF81F, 0xF81F, 0xF81F, 0xF81F, 0xF81F,
    0xF81F, 0xF81F, 0xF81F, 0xF81F, 0xF81F, 0xF81F, 0x38E7, 0x38E7, 0x38E7, 0xFD48, 0xFD48, 0xFD48,
    0xFC76, 0xFC76, 0xFC76, 0xFC76, 0xFC76, 0xFC76, 0xFD48, 0xFD48, 0xFD48, 0x38E7, 0x38E7, 0x38E7,
    0xF81F, 0xF81F, 0xF81F, 0xF81F, 0xF81F, 0xF81F, 0xF81F, 0xF81F, 0xF81F, 0xF81F, 0xF81F, 0xF81F,
    0xF81F, 0xF81F, 0xF81F, 0xF81F, 0xF81F, 0xF81F, 0xF81F, 0xF81F, 0xF81F, 0xF81F, 0xF81F, 0xF81F,
    0xF81F, 0xF81F, 0xF81F, 0xF81F, 0xF81F, 0xF81F, 0xF81F, 0xF81F, 0xF81F, 0xF81F, 0xF81F, 0xF81F,
    0xF81F, 0xF81F, 0xF81F,
    0xF81F, 0xF81F, 0xF81F, 0xF81F, 0xF81F, 0xF81F, 0xFF8C, 0xFF8C, 0xFF8C, 0xF81F, 0xF81F, 0xF81F,
    0xF81F, 0xF81F, 0xF81F, 0xF81F, 0xF81F, 0xF81F, 0xF81F, 0xF81F, 0xF81F, 0xF81F, 0xF81F, 0xF81F,
    0x38E7, 0x38E7, 0x38E7, 0xFD48, 0xFD48, 0xFD48, 0xFC76, 0xFC76, 0xFC76, 0xFC76, 0xFC76, 0xFC76,
    0xFD48, 0xFD48, 0xFD48, 0x38E7, 0x38E7, 0x38E7, 0xF81F, 0xF81F, 0xF81F, 0xF81F, 0xF81F, 0xF81F,
    0xF81F, 0xF81F, 0xF81F, 0xF81F, 0xF81F, 0xF81F, 0xF81F, 0xF81F, 0xF81F, 0xF81F, 0xF81F, 0xF81F,
    0xF81F, 0xF81F, 0xF81F, 0xF81F, 0xF81F, 0xF81F, 0xF81F, 0xF81F, 0xF81F, 0xF81F, 0xF81F, 0xF81F,
    0xF81F, 0xF81F, 0xF81F, 0xF81F, 0xF81F, 0xF81F, 0xF81F, 0xF81F, 0xF81F, 0xF81F, 0xF81F, 0xF81F,
    0xF81F, 0xF81F, 0xF81F, 0xF81F, 0xF81F, 0xF81F, 0x38E7, 0x38E7, 0x38E7, 0xFD48, 0xFD48, 0xFD48,
    0xFC76, 0xFC76, 0xFC76, 0xFC76, 0xFC76, 0xFC76, 0xFD48, 0xFD48, 0xFD48, 0x38E7, 0x38E7, 0x38E7,
    0xF81F, 0xF81F, 0xF81F, 0xF81F, 0xF81F, 0xF81F, 0xF81F, 0xF81F, 0xF81F, 0xF81F, 0xF81F, 0xF81F,
    0xF81F, 0xF81F, 0xF81F, 0xF81F, 0xF81F, 0xF81F, 0xF81F, 0xF81F, 0xF81F, 0xF81F, 0xF81F, 0xF81F,
    0xF81F, 0xF81F, 0xF81F, 0xF81F, 0xF81F, 0xF81F, 0xF81F, 0xF81F, 0xF81F, 0xF81F, 0xF81F, 0xF81F,
    0xF81F, 0xF81F, 0xF81F,
    0xF81F, 0xF81F, 0xF81F, 0xF81F, 0xF81F, 0xF81F, 0xFF8C, 0xFF8C, 0xFF8C, 0xF81F, 0xF81F, 0xF81F,
    0xF81F, 0xF81F, 0xF81F, 0xF81F, 0xF81F, 0xF81F, 0xF81F, 0xF81F, 0xF81F, 0xF81F, 0xF81F, 0xF81F,
    0x38E7, 0x38E7, 0x38E7, 0xFD48, 0xFD48, 0xFD48, 0xFC76, 0xFC76, 0xFC76, 0xFC76, 0xFC76, 0xFC76,
    0xFD48, 0xFD48, 0xFD48, 0x38E7, 0x38E7, 0x38E7, 0xF81F, 0xF81F, 0xF81F, 0xF81F, 0xF81F, 0xF81F,
    0xF81F, 0xF81F, 0xF81F, 0xF81F, 0xF81F, 0xF81F, 0xF81F, 0xF81F, 0xF81F, 0xF81F, 0xF81F, 0xF81F,
    0xF81F, 0xF81F, 0xF81F, 0xF81F, 0xF81F, 0xF81F, 0xF81F, 0xF81F, 0xF81F, 0xF81F, 0xF81F, 0xF81F,
    0xF81F, 0xF81F, 0xF81F, 0xF81F, 0xF81F, 0xF81F, 0xF81F, 0xF81F, 0xF81F, 0xF81F, 0xF81F, 0xF81F,
    0xF81F, 0xF81F, 0xF81F, 0xF81F, 0xF81F, 0xF81F, 0x38E7, 0x38E7, 0x38E7, 0xFD48, 0xFD48, 0xFD48,
    0xFC76, 0xFC76, 0xFC76, 0xFC76, 0xFC76, 0xFC76, 0xFD48, 0xFD48, 0xFD48, 0x38E7, 0x38E7, 0x38E7,
    0xF81F, 0xF81F, 0xF81F, 0xF81F, 0xF81F, 0xF81F, 0xF81F, 0xF81F, 0xF81F, 0xF81F, 0xF81F, 0xF81F,
    0xF81F, 0xF81F, 0xF81F, 0xF81F, 0xF81F, 0xF81F, 0xF81F, 0xF81F, 0xF81F, 0xF81F, 0xF81F, 0xF81F,
    0xF81F, 0xF81F, 0xF81F, 0xF81F, 0xF81F, 0xF81F, 0xF81F, 0xF81F, 0xF81F, 0xF81F, 0xF81F, 0xF81F,
    0xF81F, 0xF81F, 0xF81F,
    0xF81F, 0xF81F, 0xF81F, 0xF81F, 0xF81F, 0xF81F, 0xF81F, 0xF81F, 0xF81F, 0xF81F, 0xF81F, 0xF81F,
    0xF81F, 0xF81F, 0xF81F, 0xF81F, 0xF81F, 0xF81F, 0xF81F, 0xF81F, 0xF81F, 0xF81F, 0xF81F, 0xF81F,
    0x38E7, 0x38E7, 0x38E7, 0xFD48, 0xFD48, 0xFD48, 0xFC76, 0xFC76, 0xFC76, 0xFC76, 0xFC76, 0xFC76,
    0xFC76, 0xFC76, 0xFC76, 0xFD48, 0xFD48, 0xFD48, 0x38E7, 0x38E7, 0x38E7, 0xF81F, 0xF81F, 0xF81F,
    0xF81F, 0xF81F, 0xF81F, 0xF81F, 0xF81F, 0xF81F, 0xF81F, 0xF81F, 0xF81F, 0xF81F, 0xF81F, 0xF81F,
    0xF81F, 0xF81F, 0xF81F, 0xF81F, 0xF81F, 0xF81F, 0xF81F, 0xF81F, 0xF81F, 0xF81F, 0xF81F, 0xF81F,
    0xF81F, 0xF81F, 0xF81F, 0xF81F, 0xF81F, 0xF81F, 0xF81F, 0xF81F, 0xF81F, 0xF81F, 0xF81F, 0xF81F,
    0xF81F, 0xF81F, 0xF81F, 0x38E7, 0x38E7, 0x38E7, 0xFD48, 0xFD48, 0xFD48, 0xFC76, 0xFC76, 0xFC76,
    0xFC76, 0xFC76, 0xFC76, 0xFC76, 0xFC76, 0xFC76, 0xFD48, 0xFD48, 0xFD48, 0x38E7, 0x38E7, 0x38E7,
    0xF81F, 0xF81F, 0xF81F, 0xF81F, 0xF81F, 0xF81F, 0xF81F, 0xF81F, 0xF81F, 0xF81F, 0xF81F, 0xF81F,
    0xF81F, 0xF81F, 0xF81F, 0xF81F, 0xF81F, 0xF81F, 0xF81F, 0xF81F, 0xF81F, 0xF81F, 0xF81F, 0xF81F,
    0xF81F, 0xF81F, 0xF81F, 0xF81F, 0xF81F, 0xF81F, 0xF81F, 0xF81F, 0xF81F, 0xF81F, 0xF81F, 0xF81F,
    0xF81F, 0xF81F, 0xF81F,
    0xF81F, 0xF81F, 0xF81F, 0xF81F, 0xF81F, 0xF81F, 0xF81F, 0xF81F, 0xF81F, 0xF81F, 0xF81F, 0xF81F,
    0xF81F, 0xF81F, 0xF81F, 0xF81F, 0xF81F, 0xF81F, 0xF81F, 0xF81F, 0xF81F, 0xF81F, 0xF81F, 0xF81F,
    0x38E7, 0x38E7, 0x38E7, 0xFD48, 0xFD48, 0xFD48, 0xFC76, 0xFC76, 0xFC76, 0xFC76, 0xFC76, 0xFC76,
    0xFC76, 0xFC76, 0xFC76, 0xFD48, 0xFD48, 0xFD48, 0x38E7, 0x38E7, 0x38E7, 0xF81F, 0xF81F, 0xF81F,
    0xF81F, 0xF81F, 0xF81F, 0xF81F, 0xF81F, 0xF81F, 0xF81F, 0xF81F, 0xF81F, 0xF81F, 0xF81F, 0xF81F,
    0xF81F, 0xF81F, 0xF81F, 0xF81F, 0xF81F, 0xF81F, 0xF81F, 0xF81F, 0xF81F, 0xF81F, 0xF81F, 0xF81F,
    0xF81F, 0xF81F, 0xF81F, 0xF81F, 0xF81F, 0xF81F, 0xF81F, 0xF81F, 0xF81F, 0xF81F, 0xF81F, 0xF81F,
    0xF81F, 0xF81F, 0xF81F, 0x38E7, 0x38E7, 0x38E7, 0xFD48, 0xFD48, 0xFD48, 0xFC76, 0xFC76, 0xFC76,
    0xFC76, 0xFC76, 0xFC76, 0xFC76, 0xFC76, 0xFC76, 0xFD48, 0xFD48, 0xFD48, 0x38E7, 0x38E7, 0x38E7,
    0xF81F, 0xF81F, 0xF81F, 0xF81F, 0xF81F, 0xF81F, 0xF81F, 0xF81F, 0xF81F, 0xF81F, 0xF81F, 0xF81F,
    0xF81F, 0xF81F, 0xF81F, 0xF81F, 0xF81F, 0xF81F, 0xF81F, 0xF81F, 0xF81F, 0xF81F, 0xF81F, 0xF81F,
    0xF81F, 0xF81F, 0xF81F, 0xF81F, 0xF81F, 0xF81F, 0xF81F, 0xF81F, 0xF81F, 0xF81F, 0xF81F, 0xF81F,
    0xF81F, 0xF81F, 0xF81F,
    0xF81F, 0xF81F, 0xF81F, 0xF81F, 0xF81F, 0xF81F, 0xF81F, 0xF81F, 0xF81F, 0xF81F, 0xF81F, 0xF81F,
    0xF81F, 0xF81F, 0xF81F, 0xF81F, 0xF81F, 0xF81F, 0xF81F, 0xF81F, 0xF81F, 0xF81F, 0xF81F, 0xF81F,
    0x38E7, 0x38E7, 0x38E7, 0xFD48, 0xFD48, 0xFD48, 0xFC76, 0xFC76, 0xFC76, 0xFC76, 0xFC76, 0xFC76,
    0xFC76, 0xFC76, 0xFC76, 0xFD48, 0xFD48, 0xFD48, 0x38E7, 0x38E7, 0x38E7, 0xF81F, 0xF81F, 0xF81F,
    0xF81F, 0xF81F, 0xF81F, 0xF81F, 0xF81F, 0xF81F, 0xF81F, 0xF81F, 0xF81F, 0xF81F, 0xF81F, 0xF81F,
    0xF81F, 0xF81F, 0xF81F, 0xF81F, 0xF81F, 0xF81F, 0xF81F, 0xF81F, 0xF81F, 0xF81F, 0xF81F, 0xF81F,
    0xF81F, 0xF81F, 0xF81F, 0xF81F, 0xF81F, 0xF81F, 0xF81F, 0xF81F, 0xF81F, 0xF81F, 0xF81F, 0xF81F,
    0xF81F, 0xF81F, 0xF81F, 0x38E7, 0x38E7, 0x38E7, 0xFD48, 0xFD48, 0xFD48, 0xFC76, 0xFC76, 0xFC76,
    0xFC76, 0xFC76, 0xFC76, 0xFC76, 0xFC76, 0xFC76, 0xFD48, 0xFD48, 0xFD48, 0x38E7, 0x38E7, 0x38E7,
    0xF81F, 0xF81F, 0xF81F, 0xF81F, 0xF81F, 0xF81F, 0xF81F, 0xF81F, 0xF81F, 0xF81F, 0xF81F, 0xF81F,
    0xF81F, 0xF81F, 0xF81F, 0xF81F, 0xF81F, 0xF81F, 0xF81F, 0xF81F, 0xF81F, 0xF81F, 0xF81F, 0xF81F,
    0xF81F, 0xF81F, 0xF81F, 0xF81F, 0xF81F, 0xF81F, 0xF81F, 0xF81F, 0xF81F, 0xF81F, 0xF81F, 0xF81F,
    0xF81F, 0xF81F, 0xF81F,
    0xF81F, 0xF81F, 0xF81F, 0xF81F, 0xF81F, 0xF81F, 0xF81F, 0xF81F, 0xF81F, 0xF81F, 0xF81F, 0xF81F,
    0xF81F, 0xF81F, 0xF81F, 0xF81F, 0xF81F, 0xF81F, 0xF81F, 0xF81F, 0xF81F, 0xF81F, 0xF81F, 0xF81F,
    0x38E7, 0x38E7, 0x38E7, 0xFD48, 0xFD48, 0xFD48, 0xFC76, 0xFC76, 0xFC76, 0xFC76, 0xFC76, 0xFC76,
    0xFC76, 0xFC76, 0xFC76, 0xFC76, 0xFC76, 0xFC76, 0xFD48, 0xFD48, 0xFD48, 0x38E7, 0x38E7, 0x38E7,
    0x38E7, 0x38E7, 0x38E7, 0x38E7, 0x38E7, 0x38E7, 0x38E7, 0x38E7, 0x38E7, 0x38E7, 0x38E7, 0x38E7,
    0x38E7, 0x38E7, 0x38E7, 0x38E7, 0x38E7, 0x38E7, 0x38E7, 0x38E7, 0x38E7, 0x38E7, 0x38E7, 0x38E7,
    0x38E7, 0x38E7, 0x38E7, 0x38E7, 0x38E7, 0x38E7, 0x38E7, 0x38E7, 0x38E7, 0x38E7, 0x38E7, 0x38E7,
    0x38E7, 0x38E7, 0x38E7, 0xFD48, 0xFD48, 0xFD48, 0xFC76, 0xFC76, 0xFC76, 0xFC76, 0xFC76, 0xFC76,
    0xFC76, 0xFC76, 0xFC76, 0xFC76, 0xFC76, 0xFC76, 0xFD48, 0xFD48, 0xFD48, 0x38E7, 0x38E7, 0x38E7,
    0xF81F, 0xF81F, 0xF81F, 0xF81F, 0xF81F, 0xF81F, 0xF81F, 0xF81F, 0xF81F, 0xF81F, 0xF81F, 0xF81F,
    0xF81F, 0xF81F, 0xF81F, 0xF81F, 0xF81F, 0xF81F, 0xF81F, 0xF81F, 0xF81F, 0xF81F, 0xF81F, 0xF81F,
    0xF81F, 0xF81F, 0xF81F, 0xF81F, 0xF81F, 0xF81F, 0xF81F, 0xF81F, 0xF81F, 0xF81F, 0xF81F, 0xF81F,
    0xF81F, 0xF81F, 0xF81F,
    0xF81F, 0xF81F, 0xF81F, 0xF81F, 0xF81F, 0xF81F, 0xF81F, 0xF81F, 0xF81F, 0xF81F, 0xF81F, 0xF81F,
    0xF81F, 0xF81F, 0xF81F, 0xF81F, 0xF81F, 0xF81F, 0xF81F, 0xF81F, 0xF81F, 0xF81F, 0xF81F, 0xF81F,
    0x38E7, 0x38E7, 0x38E7, 0xFD48, 0xFD48, 0xFD48, 0xFC76, 0xFC76, 0xFC76, 0xFC76, 0xFC76, 0xFC76,
    0xFC76, 0xFC76, 0xFC76, 0xFC76, 0xFC76, 0xFC76, 0xFD48, 0xFD48, 0xFD48, 0x38E7, 0x38E7, 0x38E7,
    0x38E7, 0x38E7, 0x38E7, 0x38E7, 0x38E7, 0x38E7, 0x38E7, 0x38E7, 0x38E7, 0x38E7, 0x38E7, 0x38E7,
    0x38E7, 0x38E7, 0x38E7, 0x38E7, 0x38E7, 0x38E7, 0x38E7, 0x38E7, 0x38E7, 0x38E7, 0x38E7, 0x38E7,
    0x38E7, 0x38E7, 0x38E7, 0x38E7, 0x38E7, 0x38E7, 0x38E7, 0x38E7, 0x38E7, 0x38E7, 0x38E7, 0x38E7,
    0x38E7, 0x38E7, 0x38E7, 0xFD48, 0xFD48, 0xFD48, 0xFC76, 0xFC76, 0xFC76, 0xFC76, 0xFC76, 0xFC76,
    0xFC76, 0xFC76, 0xFC76, 0xFC76, 0xFC76, 0xFC76, 0xFD48, 0xFD48, 0xFD48, 0x38E7, 0x38E7, 0x38E7,
    0xF81F, 0xF81F, 0xF81F, 0xF81F, 0xF81F, 0xF81F, 0xF81F, 0xF81F, 0xF81F, 0xF81F, 0xF81F, 0xF81F,
    0xF81F, 0xF81F, 0xF81F, 0xF81F, 0xF81F, 0xF81F, 0xF81F, 0xF81F, 0xF81F, 0xF81F, 0xF81F, 0xF81F,
    0xF81F, 0xF81F, 0xF81F, 0xF81F, 0xF81F, 0xF81F, 0xF81F, 0xF81F, 0xF81F, 0xF81F, 0xF81F, 0xF81F,
    0xF81F, 0xF81F, 0xF81F,
    0xF81F, 0xF81F, 0xF81F, 0xF81F, 0xF81F, 0xF81F, 0xF81F, 0xF81F, 0xF81F, 0xF81F, 0xF81F, 0xF81F,
    0xF81F, 0xF81F, 0xF81F, 0xF81F, 0xF81F, 0xF81F, 0xF81F, 0xF81F, 0xF81F, 0xF81F, 0xF81F, 0xF81F,
    0x38E7, 0x38E7, 0x38E7, 0xFD48, 0xFD48, 0xFD48, 0xFC76, 0xFC76, 0xFC76, 0xFC76, 0xFC76, 0xFC76,
    0xFC76, 0xFC76, 0xFC76, 0xFC76, 0xFC76, 0xFC76, 0xFD48, 0xFD48, 0xFD48, 0x38E7, 0x38E7, 0x38E7,
    0x38E7, 0x38E7, 0x38E7, 0x38E7, 0x38E7, 0x38E7, 0x38E7, 0x38E7, 0x38E7, 0x38E7, 0x38E7, 0x38E7,
    0x38E7, 0x38E7, 0x38E7, 0x38E7, 0x38E7, 0x38E7, 0x38E7, 0x38E7, 0x38E7, 0x38E7, 0x38E7, 0x38E7,
    0x38E7, 0x38E7, 0x38E7, 0x38E7, 0x38E7, 0x38E7, 0x38E7, 0x38E7, 0x38E7, 0x38E7, 0x38E7, 0x38E7,
    0x38E7, 0x38E7, 0x38E7, 0xFD48, 0xFD48, 0xFD48, 0xFC76, 0xFC76, 0xFC76, 0xFC76, 0xFC76, 0xFC76,
    0xFC76, 0xFC76, 0xFC76, 0xFC76, 0xFC76, 0xFC76, 0xFD48, 0xFD48, 0xFD48, 0x38E7, 0x38E7, 0x38E7,
    0xF81F, 0xF81F, 0xF81F, 0xF81F, 0xF81F, 0xF81F, 0xF81F, 0xF81F, 0xF81F, 0xF81F, 0xF81F, 0xF81F,
    0xF81F, 0xF81F, 0xF81F, 0xF81F, 0xF81F, 0xF81F, 0xF81F, 0xF81F, 0xF81F, 0xF81F, 0xF81F, 0xF81F,
    0xF81F, 0xF81F, 0xF81F, 0xF81F, 0xF81F, 0xF81F, 0xF81F, 0xF81F, 0xF81F, 0xF81F, 0xF81F, 0xF81F,
    0xF81F, 0xF81F, 0xF81F,
    0xF81F, 0xF81F, 0xF81F, 0xF81F, 0xF81F, 0xF81F, 0xF81F, 0xF81F, 0xF81F, 0xF81F, 0xF81F, 0xF81F,
    0xF81F, 0xF81F, 0xF81F, 0xF81F, 0xF81F, 0xF81F, 0xF81F, 0xF81F, 0xF81F, 0xF81F, 0xF81F, 0xF81F,
    0x38E7, 0x38E7, 0x38E7, 0xFD48, 0xFD48, 0xFD48, 0xFD48, 0xFD48, 0xFD48, 0xFC76, 0xFC76, 0xFC76,
    0xFC76, 0xFC76, 0xFC76, 0xFC76, 0xFC76, 0xFC76, 0xFD48, 0xFD48, 0xFD48, 0xFD48, 0xFD48, 0xFD48,
    0xFD48, 0xFD48, 0xFD48, 0xFD48, 0xFD48, 0xFD48, 0xDB44, 0xDB44, 0xDB44, 0xFD48, 0xFD48, 0xFD48,
    0xFD48, 0xFD48, 0xFD48, 0xDB44, 0xDB44, 0xDB44, 0xDB44, 0xDB44, 0xDB44, 0xFD48, 0xFD48, 0xFD48,
    0xFD48, 0xFD48, 0xFD48, 0xDB44, 0xDB44, 0xDB44, 0xFD48, 0xFD48, 0xFD48, 0xFD48, 0xFD48, 0xFD48,
    0xFD48, 0xFD48, 0xFD48, 0xFD48, 0xFD48, 0xFD48, 0xFC76, 0xFC76, 0xFC76, 0xFC76, 0xFC76, 0xFC76,
    0xFC76, 0xFC76, 0xFC76, 0xFD48, 0xFD48, 0xFD48, 0xFD48, 0xFD48, 0xFD48, 0x38E7, 0x38E7, 0x38E7,
    0xF81F, 0xF81F, 0xF81F, 0xF81F, 0xF81F, 0xF81F, 0xF81F, 0xF81F, 0xF81F, 0xF81F, 0xF81F, 0xF81F,
    0xF81F, 0xF81F, 0xF81F, 0xF81F, 0xF81F, 0xF81F, 0xF81F, 0xF81F, 0xF81F, 0xF81F, 0xF81F, 0xF81F,
    0xF81F, 0xF81F, 0xF81F, 0xF81F, 0xF81F, 0xF81F, 0xF81F, 0xF81F, 0xF81F, 0xF81F, 0xF81F, 0xF81F,
    0xF81F, 0xF81F, 0xF81F,
    0xF81F, 0xF81F, 0xF81F, 0xF81F, 0xF81F, 0xF81F, 0xF81F, 0xF81F, 0xF81F, 0xF81F, 0xF81F, 0xF81F,
    0xF81F, 0xF81F, 0xF81F, 0xF81F, 0xF81F, 0xF81F, 0xF81F, 0xF81F, 0xF81F, 0xF81F, 0xF81F, 0xF81F,
    0x38E7, 0x38E7, 0x38E7, 0xFD48, 0xFD48, 0xFD48, 0xFD48, 0xFD48, 0xFD48, 0xFC76, 0xFC76, 0xFC76,
    0xFC76, 0xFC76, 0xFC76, 0xFC76, 0xFC76, 0xFC76, 0xFD48, 0xFD48, 0xFD48, 0xFD48, 0xFD48, 0xFD48,
    0xFD48, 0xFD48, 0xFD48, 0xFD48, 0xFD48, 0xFD48, 0xDB44, 0xDB44, 0xDB44, 0xFD48, 0xFD48, 0xFD48,
    0xFD48, 0xFD48, 0xFD48, 0xDB44, 0xDB44, 0xDB44, 0xDB44, 0xDB44, 0xDB44, 0xFD48, 0xFD48, 0xFD48,
    0xFD48, 0xFD48, 0xFD48, 0xDB44, 0xDB44, 0xDB44, 0xFD48, 0xFD48, 0xFD48, 0xFD48, 0xFD48, 0xFD48,
    0xFD48, 0xFD48, 0xFD48, 0xFD48, 0xFD48, 0xFD48, 0xFC76, 0xFC76, 0xFC76, 0xFC76, 0xFC76, 0xFC76,
    0xFC76, 0xFC76, 0xFC76, 0xFD48, 0xFD48, 0xFD48, 0xFD48, 0xFD48, 0xFD48, 0x38E7, 0x38E7, 0x38E7,
    0xF81F, 0xF81F, 0xF81F, 0xF81F, 0xF81F, 0xF81F, 0xF81F, 0xF81F, 0xF81F, 0xF81F, 0xF81F, 0xF81F,
    0xF81F, 0xF81F, 0xF81F, 0xF81F, 0xF81F, 0xF81F, 0xF81F, 0xF81F, 0xF81F, 0xF81F, 0xF81F, 0xF81F,
    0xF81F, 0xF81F, 0xF81F, 0xF81F, 0xF81F, 0xF81F, 0xF81F, 0xF81F, 0xF81F, 0xF81F, 0xF81F, 0xF81F,
    0xF81F, 0xF81F, 0xF81F,
    0xF81F, 0xF81F, 0xF81F, 0xF81F, 0xF81F, 0xF81F, 0xF81F, 0xF81F, 0xF81F, 0xF81F, 0xF81F, 0xF81F,
    0xF81F, 0xF81F, 0xF81F, 0xF81F, 0xF81F, 0xF81F, 0xF81F, 0xF81F, 0xF81F, 0xF81F, 0xF81F, 0xF81F,
    0x38E7, 0x38E7, 0x38E7, 0xFD48, 0xFD48, 0xFD48, 0xFD48, 0xFD48, 0xFD48, 0xFC76, 0xFC76, 0xFC76,
    0xFC76, 0xFC76, 0xFC76, 0xFC76, 0xFC76, 0xFC76, 0xFD48, 0xFD48, 0xFD48, 0xFD48, 0xFD48, 0xFD48,
    0xFD48, 0xFD48, 0xFD48, 0xFD48, 0xFD48, 0xFD48, 0xDB44, 0xDB44, 0xDB44, 0xFD48, 0xFD48, 0xFD48,
    0xFD48, 0xFD48, 0xFD48, 0xDB44, 0xDB44, 0xDB44, 0xDB44, 0xDB44, 0xDB44, 0xFD48, 0xFD48, 0xFD48,
    0xFD48, 0xFD48, 0xFD48, 0xDB44, 0xDB44, 0xDB44, 0xFD48, 0xFD48, 0xFD48, 0xFD48, 0xFD48, 0xFD48,
    0xFD48, 0xFD48, 0xFD48, 0xFD48, 0xFD48, 0xFD48, 0xFC76, 0xFC76, 0xFC76, 0xFC76, 0xFC76, 0xFC76,
    0xFC76, 0xFC76, 0xFC76, 0xFD48, 0xFD48, 0xFD48, 0xFD48, 0xFD48, 0xFD48, 0x38E7, 0x38E7, 0x38E7,
    0xF81F, 0xF81F, 0xF81F, 0xF81F, 0xF81F, 0xF81F, 0xF81F, 0xF81F, 0xF81F, 0xF81F, 0xF81F, 0xF81F,
    0xF81F, 0xF81F, 0xF81F, 0xF81F, 0xF81F, 0xF81F, 0xF81F, 0xF81F, 0xF81F, 0xF81F, 0xF81F, 0xF81F,
    0xF81F, 0xF81F, 0xF81F, 0xF81F, 0xF81F, 0xF81F, 0xF81F, 0xF81F, 0xF81F, 0xF81F, 0xF81F, 0xF81F,
    0xF81F, 0xF81F, 0xF81F,
    0xF81F, 0xF81F, 0xF81F, 0xF81F, 0xF81F, 0xF81F, 0xF81F, 0xF81F, 0xF81F, 0xF81F, 0xF81F, 0xF81F,
    0xF81F, 0xF81F, 0xF81F, 0xF81F, 0xF81F, 0xF81F, 0xF81F, 0xF81F, 0xF81F, 0x38E7, 0x38E7, 0x38E7,
    0xFD48, 0xFD48, 0xFD48, 0xFD48, 0xFD48, 0xFD48, 0xFD48, 0xFD48, 0xFD48, 0xFC76, 0xFC76, 0xFC76,
    0xFD48, 0xFD48, 0xFD48, 0xFD48, 0xFD48, 0xFD48, 0xFD48, 0xFD48, 0xFD48, 0xFD48, 0xFD48, 0xFD48,
    0xFD48, 0xFD48, 0xFD48, 0xFD48, 0xFD48, 0xFD48, 0xDB44, 0xDB44, 0xDB44, 0xFD48, 0xFD48, 0xFD48,
    0xFD48, 0xFD48, 0xFD48, 0xDB44, 0xDB44, 0xDB44, 0xDB44, 0xDB44, 0xDB44, 0xFD48, 0xFD48, 0xFD48,
    0xFD48, 0xFD48, 0xFD48, 0xDB44, 0xDB44, 0xDB44, 0xFD48, 0xFD48, 0xFD48, 0xFD48, 0xFD48, 0xFD48,
    0xFD48, 0xFD48, 0xFD48, 0xFD48, 0xFD48, 0xFD48, 0xFD48, 0xFD48, 0xFD48, 0xFD48, 0xFD48, 0xFD48,
    0xFC76, 0xFC76, 0xFC76, 0xFD48, 0xFD48, 0xFD48, 0xFD48, 0xFD48, 0xFD48, 0xFD48, 0xFD48, 0xFD48,
    0x38E7, 0x38E7, 0x38E7, 0xF81F, 0xF81F, 0xF81F, 0xFF8C, 0xFF8C, 0xFF8C, 0xF81F, 0xF81F, 0xF81F,
    0xF81F, 0xF81F, 0xF81F, 0xF81F, 0xF81F, 0xF81F, 0xF81F, 0xF81F, 0xF81F, 0xF81F, 0xF81F, 0xF81F,
    0xF81F, 0xF81F, 0xF81F, 0xF81F, 0xF81F, 0xF81F, 0xF81F, 0xF81F, 0xF81F, 0xF81F, 0xF81F, 0xF81F,
    0xF81F, 0xF81F, 0xF81F,
    0xF81F, 0xF81F, 0xF81F, 0xF81F, 0xF81F, 0xF81F, 0xF81F, 0xF81F, 0xF81F, 0xF81F, 0xF81F, 0xF81F,
    0xF81F, 0xF81F, 0xF81F, 0xF81F, 0xF81F, 0xF81F, 0xF81F, 0xF81F, 0xF81F, 0x38E7, 0x38E7, 0x38E7,
    0xFD48, 0xFD48, 0xFD48, 0xFD48, 0xFD48, 0xFD48, 0xFD48, 0xFD48, 0xFD48, 0xFC76, 0xFC76, 0xFC76,
    0xFD48, 0xFD48, 0xFD48, 0xFD48, 0xFD48, 0xFD48, 0xFD48, 0xFD48, 0xFD48, 0xFD48, 0xFD48, 0xFD48,
    0xFD48, 0xFD48, 0xFD48, 0xFD48, 0xFD48, 0xFD48, 0xDB44, 0xDB44, 0xDB44, 0xFD48, 0xFD48, 0xFD48,
    0xFD48, 0xFD48, 0xFD48, 0xDB44, 0xDB44, 0xDB44, 0xDB44, 0xDB44, 0xDB44, 0xFD48, 0xFD48, 0xFD48,
    0xFD48, 0xFD48, 0xFD48, 0xDB44, 0xDB44, 0xDB44, 0xFD48, 0xFD48, 0xFD48, 0xFD48, 0xFD48, 0xFD48,
    0xFD48, 0xFD48, 0xFD48, 0xFD48, 0xFD48, 0xFD48, 0xFD48, 0xFD48, 0xFD48, 0xFD48, 0xFD48, 0xFD48,
    0xFC76, 0xFC76, 0xFC76, 0xFD48, 0xFD48, 0xFD48, 0xFD48, 0xFD48, 0xFD48, 0xFD48, 0xFD48, 0xFD48,
    0x38E7, 0x38E7, 0x38E7, 0xF81F, 0xF81F, 0xF81F, 0xFF8C, 0xFF8C, 0xFF8C, 0xF81F, 0xF81F, 0xF81F,
    0xF81F, 0xF81F, 0xF81F, 0xF81F, 0xF81F, 0xF81F, 0xF81F, 0xF81F, 0xF81F, 0xF81F, 0xF81F, 0xF81F,
    0xF81F, 0xF81F, 0xF81F, 0xF81F, 0xF81F, 0xF81F, 0xF81F, 0xF81F, 0xF81F, 0xF81F, 0xF81F, 0xF81F,
    0xF81F, 0xF81F, 0xF81F,
    0xF81F, 0xF81F, 0xF81F, 0xF81F, 0xF81F, 0xF81F, 0xF81F, 0xF81F, 0xF81F, 0xF81F, 0xF81F, 0xF81F,
    0xF81F, 0xF81F, 0xF81F, 0xF81F, 0xF81F, 0xF81F, 0xF81F, 0xF81F, 0xF81F, 0x38E7, 0x38E7, 0x38E7,
    0xFD48, 0xFD48, 0xFD48, 0xFD48, 0xFD48, 0xFD48, 0xFD48, 0xFD48, 0xFD48, 0xFC76, 0xFC76, 0xFC76,
    0xFD48, 0xFD48, 0xFD48, 0xFD48, 0xFD48, 0xFD48, 0xFD48, 0xFD48, 0xFD48, 0xFD48, 0xFD48, 0xFD48,
    0xFD48, 0xFD48, 0xFD48, 0xFD48, 0xFD48, 0xFD48, 0xDB44, 0xDB44, 0xDB44, 0xFD48, 0xFD48, 0xFD48,
    0xFD48, 0xFD48, 0xFD48, 0xDB44, 0xDB44, 0xDB44, 0xDB44, 0xDB44, 0xDB44, 0xFD48, 0xFD48, 0xFD48,
    0xFD48, 0xFD48, 0xFD48, 0xDB44, 0xDB44, 0xDB44, 0xFD48, 0xFD48, 0xFD48, 0xFD48, 0xFD48, 0xFD48,
    0xFD48, 0xFD48, 0xFD48, 0xFD48, 0xFD48, 0xFD48, 0xFD48, 0xFD48, 0xFD48, 0xFD48, 0xFD48, 0xFD48,
    0xFC76, 0xFC76, 0xFC76, 0xFD48, 0xFD48, 0xFD48, 0xFD48, 0xFD48, 0xFD48, 0xFD48, 0xFD48, 0xFD48,
    0x38E7, 0x38E7, 0x38E7, 0xF81F, 0xF81F, 0xF81F, 0xFF8C, 0xFF8C, 0xFF8C, 0xF81F, 0xF81F, 0xF81F,
    0xF81F, 0xF81F, 0xF81F, 0xF81F, 0xF81F, 0xF81F, 0xF81F, 0xF81F, 0xF81F, 0xF81F, 0xF81F, 0xF81F,
    0xF81F, 0xF81F, 0xF81F, 0xF81F, 0xF81F, 0xF81F, 0xF81F, 0xF81F, 0xF81F, 0xF81F, 0xF81F, 0xF81F,
    0xF81F, 0xF81F, 0xF81F,
    0xF81F, 0xF81F, 0xF81F, 0xF81F, 0xF81F, 0xF81F, 0xF81F, 0xF81F, 0xF81F, 0xF81F, 0xF81F, 0xF81F,
    0xF81F, 0xF81F, 0xF81F, 0xF81F, 0xF81F, 0xF81F, 0xF81F, 0xF81F, 0xF81F, 0x38E7, 0x38E7, 0x38E7,
    0xFD48, 0xFD48, 0xFD48, 0xFD48, 0xFD48, 0xFD48, 0xFD48, 0xFD48, 0xFD48, 0xFD48, 0xFD48, 0xFD48,
    0xFD48, 0xFD48, 0xFD48, 0xFD48, 0xFD48, 0xFD48, 0xFD48, 0xFD48, 0xFD48, 0xFD48, 0xFD48, 0xFD48,
    0xFD48, 0xFD48, 0xFD48, 0xFD48, 0xFD48, 0xFD48, 0xFD48, 0xFD48, 0xFD48, 0xFD48, 0xFD48, 0xFD48,
    0xFD48, 0xFD48, 0xFD48, 0xDB44, 0xDB44, 0xDB44, 0xDB44, 0xDB44, 0xDB44, 0xFD48, 0xFD48, 0xFD48,
    0xFD48, 0xFD48, 0xFD48, 0xFD48, 0xFD48, 0xFD48, 0xFD48, 0xFD48, 0xFD48, 0xFD48, 0xFD48, 0xFD48,
    0xFD48, 0xFD48, 0xFD48, 0xFD48, 0xFD48, 0xFD48, 0xFD48, 0xFD48, 0xFD48, 0xFD48, 0xFD48, 0xFD48,
    0xFD48, 0xFD48, 0xFD48, 0xFD48, 0xFD48, 0xFD48, 0xFD48, 0xFD48, 0xFD48, 0xFD48, 0xFD48, 0xFD48,
    0x38E7, 0x38E7, 0x38E7, 0xFF8C, 0xFF8C, 0xFF8C, 0xFFFF, 0xFFFF, 0xFFFF, 0xFF8C, 0xFF8C, 0xFF8C,
    0xF81F, 0xF81F, 0xF81F, 0xF81F, 0xF81F, 0xF81F, 0xF81F, 0xF81F, 0xF81F, 0xF81F, 0xF81F, 0xF81F,
    0xF81F, 0xF81F, 0xF81F, 0xF81F, 0xF81F, 0xF81F, 0xF81F, 0xF81F, 0xF81F, 0xF81F, 0xF81F, 0xF81F,
    0xF81F, 0xF81F, 0xF81F,
    0xF81F, 0xF81F, 0xF81F, 0xF81F, 0xF81F, 0xF81F, 0xF81F, 0xF81F, 0xF81F, 0xF81F, 0xF81F, 0xF81F,
    0xF81F, 0xF81F, 0xF81F, 0xF81F, 0xF81F, 0xF81F, 0xF81F, 0xF81F, 0xF81F, 0x38E7, 0x38E7, 0x38E7,
    0xFD48, 0xFD48, 0xFD48, 0xFD48, 0xFD48, 0xFD48, 0xFD48, 0xFD48, 0xFD48, 0xFD48, 0xFD48, 0xFD48,
    0xFD48, 0xFD48, 0xFD48, 0xFD48, 0xFD48, 0xFD48, 0xFD48, 0xFD48, 0xFD48, 0xFD48, 0xFD48, 0xFD48,
    0xFD48, 0xFD48, 0xFD48, 0xFD48, 0xFD48, 0xFD48, 0xFD48, 0xFD48, 0xFD48, 0xFD48, 0xFD48, 0xFD48,
    0xFD48, 0xFD48, 0xFD48, 0xDB44, 0xDB44, 0xDB44, 0xDB44, 0xDB44, 0xDB44, 0xFD48, 0xFD48, 0xFD48,
    0xFD48, 0xFD48, 0xFD48, 0xFD48, 0xFD48, 0xFD48, 0xFD48, 0xFD48, 0xFD48, 0xFD48, 0xFD48, 0xFD48,
    0xFD48, 0xFD48, 0xFD48, 0xFD48, 0xFD48, 0xFD48, 0xFD48, 0xFD48, 0xFD48, 0xFD48, 0xFD48, 0xFD48,
    0xFD48, 0xFD48, 0xFD48, 0xFD48, 0xFD48, 0xFD48, 0xFD48, 0xFD48, 0xFD48, 0xFD48, 0xFD48, 0xFD48,
    0x38E7, 0x38E7, 0x38E7, 0xFF8C, 0xFF8C, 0xFF8C, 0xFFFF, 0xFFFF, 0xFFFF, 0xFF8C, 0xFF8C, 0xFF8C,
    0xF81F, 0xF81F, 0xF81F, 0xF81F, 0xF81F, 0xF81F, 0xF81F, 0xF81F, 0xF81F, 0xF81F, 0xF81F, 0xF81F,
    0xF81F, 0xF81F, 0xF81F, 0xF81F, 0xF81F, 0xF81F, 0xF81F, 0xF81F, 0xF81F, 0xF81F, 0xF81F, 0xF81F,
    0xF81F, 0xF81F, 0xF81F,
    0xF81F, 0xF81F, 0xF81F, 0xF81F, 0xF81F, 0xF81F, 0xF81F, 0xF81F, 0xF81F, 0xF81F, 0xF81F, 0xF81F,
    0xF81F, 0xF81F, 0xF81F, 0xF81F, 0xF81F, 0xF81F, 0xF81F, 0xF81F, 0xF81F, 0x38E7, 0x38E7, 0x38E7,
    0xFD48, 0xFD48, 0xFD48, 0xFD48, 0xFD48, 0xFD48, 0xFD48, 0xFD48, 0xFD48, 0xFD48, 0xFD48, 0xFD48,
    0xFD48, 0xFD48, 0xFD48, 0xFD48, 0xFD48, 0xFD48, 0xFD48, 0xFD48, 0xFD48, 0xFD48, 0xFD48, 0xFD48,
    0xFD48, 0xFD48, 0xFD48, 0xFD48, 0xFD48, 0xFD48, 0xFD48, 0xFD48, 0xFD48, 0xFD48, 0xFD48, 0xFD48,
    0xFD48, 0xFD48, 0xFD48, 0xDB44, 0xDB44, 0xDB44, 0xDB44, 0xDB44, 0xDB44, 0xFD48, 0xFD48, 0xFD48,
    0xFD48, 0xFD48, 0xFD48, 0xFD48, 0xFD48, 0xFD48, 0xFD48, 0xFD48, 0xFD48, 0xFD48, 0xFD48, 0xFD48,
    0xFD48, 0xFD48, 0xFD48, 0xFD48, 0xFD48, 0xFD48, 0xFD48, 0xFD48, 0xFD48, 0xFD48, 0xFD48, 0xFD48,
    0xFD48, 0xFD48, 0xFD48, 0xFD48, 0xFD48, 0xFD48, 0xFD48, 0xFD48, 0xFD48, 0xFD48, 0xFD48, 0xFD48,
    0x38E7, 0x38E7, 0x38E7, 0xFF8C, 0xFF8C, 0xFF8C, 0xFFFF, 0xFFFF, 0xFFFF, 0xFF8C, 0xFF8C, 0xFF8C,
    0xF81F, 0xF81F, 0xF81F, 0xF81F, 0xF81F, 0xF81F, 0xF81F, 0xF81F, 0xF81F, 0xF81F, 0xF81F, 0xF81F,
    0xF81F, 0xF81F, 0xF81F, 0xF81F, 0xF81F, 0xF81F, 0xF81F, 0xF81F, 0xF81F, 0xF81F, 0xF81F, 0xF81F,
    0xF81F, 0xF81F, 0xF81F,
    0xF81F, 0xF81F, 0xF81F, 0xF81F, 0xF81F, 0xF81F, 0xF81F, 0xF81F, 0xF81F, 0xF81F, 0xF81F, 0xF81F,
    0xF81F, 0xF81F, 0xF81F, 0xF81F, 0xF81F, 0xF81F, 0x38E7, 0x38E7, 0x38E7, 0xFD48, 0xFD48, 0xFD48,
    0xFD48, 0xFD48, 0xFD48, 0xFD48, 0xFD48, 0xFD48, 0xFD48, 0xFD48, 0xFD48, 0xFD48, 0xFD48, 0xFD48,
    0xFD48, 0xFD48, 0xFD48, 0xFD48, 0xFD48, 0xFD48, 0xFD48, 0xFD48, 0xFD48, 0xFD48, 0xFD48, 0xFD48,
    0xFD48, 0xFD48, 0xFD48, 0xFD48, 0xFD48, 0xFD48, 0xFD48, 0xFD48, 0xFD48, 0xFD48, 0xFD48, 0xFD48,
    0xFD48, 0xFD48, 0xFD48, 0xFD48, 0xFD48, 0xFD48, 0xFD48, 0xFD48, 0xFD48, 0xFD48, 0xFD48, 0xFD48,
    0xFD48, 0xFD48, 0xFD48, 0xFD48, 0xFD48, 0xFD48, 0xFD48, 0xFD48, 0xFD48, 0xFD48, 0xFD48, 0xFD48,
    0xFD48, 0xFD48, 0xFD48, 0xFD48, 0xFD48, 0xFD48, 0xFD48, 0xFD48, 0xFD48, 0xFD48, 0xFD48, 0xFD48,
    0xFD48, 0xFD48, 0xFD48, 0xFD48, 0xFD48, 0xFD48, 0xFD48, 0xFD48, 0xFD48, 0xFD48, 0xFD48, 0xFD48,
    0xFD48, 0xFD48, 0xFD48, 0x38E7, 0x38E7, 0x38E7, 0xFF8C, 0xFF8C, 0xFF8C, 0xF81F, 0xF81F, 0xF81F,
    0xF81F, 0xF81F, 0xF81F, 0xF81F, 0xF81F, 0xF81F, 0xF81F, 0xF81F, 0xF81F, 0xF81F, 0xF81F, 0xF81F,
    0xF81F, 0xF81F, 0xF81F, 0xF81F, 0xF81F, 0xF81F, 0xF81F, 0xF81F, 0xF81F, 0xF81F, 0xF81F, 0xF81F,
    0xF81F, 0xF81F, 0xF81F,
    0xF81F, 0xF81F, 0xF81F, 0xF81F, 0xF81F, 0xF81F, 0xF81F, 0xF81F, 0xF81F, 0xF81F, 0xF81F, 0xF81F,
    0xF81F, 0xF81F, 0xF81F, 0xF81F, 0xF81F, 0xF81F, 0x38E7, 0x38E7, 0x38E7, 0xFD48, 0xFD48, 0xFD48,
    0xFD48, 0xFD48, 0xFD48, 0xFD48, 0xFD48, 0xFD48, 0xFD48, 0xFD48, 0xFD48, 0xFD48, 0xFD48, 0xFD48,
    0xFD48, 0xFD48, 0xFD48, 0xFD48, 0xFD48, 0xFD48, 0xFD48, 0xFD48, 0xFD48, 0xFD48, 0xFD48, 0xFD48,
    0xFD48, 0xFD48, 0xFD48, 0xFD48, 0xFD48, 0xFD48, 0xFD48, 0xFD48, 0xFD48, 0xFD48, 0xFD48, 0xFD48,
    0xFD48, 0xFD48, 0xFD48, 0xFD48, 0xFD48, 0xFD48, 0xFD48, 0xFD48, 0xFD48, 0xFD48, 0xFD48, 0xFD48,
    0xFD48, 0xFD48, 0xFD48, 0xFD48, 0xFD48, 0xFD48, 0xFD48, 0xFD48, 0xFD48, 0xFD48, 0xFD48, 0xFD48,
    0xFD48, 0xFD48, 0xFD48, 0xFD48, 0xFD48, 0xFD48, 0xFD48, 0xFD48, 0xFD48, 0xFD48, 0xFD48, 0xFD48,
    0xFD48, 0xFD48, 0xFD48, 0xFD48, 0xFD48, 0xFD48, 0xFD48, 0xFD48, 0xFD48, 0xFD48, 0xFD48, 0xFD48,
    0xFD48, 0xFD48, 0xFD48, 0x38E7, 0x38E7, 0x38E7, 0xFF8C, 0xFF8C, 0xFF8C, 0xF81F, 0xF81F, 0xF81F,
    0xF81F, 0xF81F, 0xF81F, 0xF81F, 0xF81F, 0xF81F, 0xF81F, 0xF81F, 0xF81F, 0xF81F, 0xF81F, 0xF81F,
    0xF81F, 0xF81F, 0xF81F, 0xF81F, 0xF81F, 0xF81F, 0xF81F, 0xF81F, 0xF81F, 0xF81F, 0xF81F, 0xF81F,
    0xF81F, 0xF81F, 0xF81F,
    0xF81F, 0xF81F, 0xF81F, 0xF81F, 0xF81F, 0xF81F, 0xF81F, 0xF81F, 0xF81F, 0xF81F, 0xF81F, 0xF81F,
    0xF81F, 0xF81F, 0xF81F, 0xF81F, 0xF81F, 0xF81F, 0x38E7, 0x38E7, 0x38E7, 0xFD48, 0xFD48, 0xFD48,
    0xFD48, 0xFD48, 0xFD48, 0xFD48, 0xFD48, 0xFD48, 0xFD48, 0xFD48, 0xFD48, 0xFD48, 0xFD48, 0xFD48,
    0xFD48, 0xFD48, 0xFD48, 0xFD48, 0xFD48, 0xFD48, 0xFD48, 0xFD48, 0xFD48, 0xFD48, 0xFD48, 0xFD48,
    0xFD48, 0xFD48, 0xFD48, 0xFD48, 0xFD48, 0xFD48, 0xFD48, 0xFD48, 0xFD48, 0xFD48, 0xFD48, 0xFD48,
    0xFD48, 0xFD48, 0xFD48, 0xFD48, 0xFD48, 0xFD48, 0xFD48, 0xFD48, 0xFD48, 0xFD48, 0xFD48, 0xFD48,
    0xFD48, 0xFD48, 0xFD48, 0xFD48, 0xFD48, 0xFD48, 0xFD48, 0xFD48, 0xFD48, 0xFD48, 0xFD48, 0xFD48,
    0xFD48, 0xFD48, 0xFD48, 0xFD48, 0xFD48, 0xFD48, 0xFD48, 0xFD48, 0xFD48, 0xFD48, 0xFD48, 0xFD48,
    0xFD48, 0xFD48, 0xFD48, 0xFD48, 0xFD48, 0xFD48, 0xFD48, 0xFD48, 0xFD48, 0xFD48, 0xFD48, 0xFD48,
    0xFD48, 0xFD48, 0xFD48, 0x38E7, 0x38E7, 0x38E7, 0xFF8C, 0xFF8C, 0xFF8C, 0xF81F, 0xF81F, 0xF81F,
    0xF81F, 0xF81F, 0xF81F, 0xF81F, 0xF81F, 0xF81F, 0xF81F, 0xF81F, 0xF81F, 0xF81F, 0xF81F, 0xF81F,
    0xF81F, 0xF81F, 0xF81F, 0xF81F, 0xF81F, 0xF81F, 0xF81F, 0xF81F, 0xF81F, 0xF81F, 0xF81F, 0xF81F,
    0xF81F, 0xF81F, 0xF81F,
    0xF81F, 0xF81F, 0xF81F, 0xF81F, 0xF81F, 0xF81F, 0xF81F, 0xF81F, 0xF81F, 0xF81F, 0xF81F, 0xF81F,
    0xF81F, 0xF81F, 0xF81F, 0x38E7, 0x38E7, 0x38E7, 0xFD48, 0xFD48, 0xFD48, 0xFD48, 0xFD48, 0xFD48,
    0xFD48, 0xFD48, 0xFD48, 0x1084, 0x1084, 0x1084, 0x1084, 0x1084, 0x1084, 0x1084, 0x1084, 0x1084,
    0x1084, 0x1084, 0x1084, 0x1084, 0x1084, 0x1084, 0x1084, 0x1084, 0x1084, 0x1084, 0x1084, 0x1084,
    0x1084, 0x1084, 0x1084, 0x1084, 0x1084, 0x1084, 0x1084, 0x1084, 0x1084, 0x1084, 0x1084, 0x1084,
    0x1084, 0x1084, 0x1084, 0x1084, 0x1084, 0x1084, 0x1084, 0x1084, 0x1084, 0x1084, 0x1084, 0x1084,
    0x1084, 0x1084, 0x1084, 0x1084, 0x1084, 0x1084, 0x1084, 0x1084, 0x1084, 0x1084, 0x1084, 0x1084,
    0x1084, 0x1084, 0x1084, 0x1084, 0x1084, 0x1084, 0x1084, 0x1084, 0x1084, 0x1084, 0x1084, 0x1084,
    0x1084, 0x1084, 0x1084, 0x1084, 0x1084, 0x1084, 0x1084, 0x1084, 0x1084, 0xFD48, 0xFD48, 0xFD48,
    0xFD48, 0xFD48, 0xFD48, 0xFD48, 0xFD48, 0xFD48, 0x38E7, 0x38E7, 0x38E7, 0xF81F, 0xF81F, 0xF81F,
    0xF81F, 0xF81F, 0xF81F, 0xF81F, 0xF81F, 0xF81F, 0xF81F, 0xF81F, 0xF81F, 0xF81F, 0xF81F, 0xF81F,
    0xF81F, 0xF81F, 0xF81F, 0xF81F, 0xF81F, 0xF81F, 0xF81F, 0xF81F, 0xF81F, 0xF81F, 0xF81F, 0xF81F,
    0xF81F, 0xF81F, 0xF81F,
    0xF81F, 0xF81F, 0xF81F, 0xF81F, 0xF81F, 0xF81F, 0xF81F, 0xF81F, 0xF81F, 0xF81F, 0xF81F, 0xF81F,
    0xF81F, 0xF81F, 0xF81F, 0x38E7, 0x38E7, 0x38E7, 0xFD48, 0xFD48, 0xFD48, 0xFD48, 0xFD48, 0xFD48,
    0xFD48, 0xFD48, 0xFD48, 0x1084, 0x1084, 0x1084, 0x1084, 0x1084, 0x1084, 0x1084, 0x1084, 0x1084,
    0x1084, 0x1084, 0x1084, 0x1084, 0x1084, 0x1084, 0x1084, 0x1084, 0x1084, 0x1084, 0x1084, 0x1084,
    0x1084, 0x1084, 0x1084, 0x1084, 0x1084, 0x1084, 0x1084, 0x1084, 0x1084, 0x1084, 0x1084, 0x1084,
    0x1084, 0x1084, 0x1084, 0x1084, 0x1084, 0x1084, 0x1084, 0x1084, 0x1084, 0x1084, 0x1084, 0x1084,
    0x1084, 0x1084, 0x1084, 0x1084, 0x1084, 0x1084, 0x1084, 0x1084, 0x1084, 0x1084, 0x1084, 0x1084,
    0x1084, 0x1084, 0x1084, 0x1084, 0x1084, 0x1084, 0x1084, 0x1084, 0x1084, 0x1084, 0x1084, 0x1084,
    0x1084, 0x1084, 0x1084, 0x1084, 0x1084, 0x1084, 0x1084, 0x1084, 0x1084, 0xFD48, 0xFD48, 0xFD48,
    0xFD48, 0xFD48, 0xFD48, 0xFD48, 0xFD48, 0xFD48, 0x38E7, 0x38E7, 0x38E7, 0xF81F, 0xF81F, 0xF81F,
    0xF81F, 0xF81F, 0xF81F, 0xF81F, 0xF81F, 0xF81F, 0xF81F, 0xF81F, 0xF81F, 0xF81F, 0xF81F, 0xF81F,
    0xF81F, 0xF81F, 0xF81F, 0xF81F, 0xF81F, 0xF81F, 0xF81F, 0xF81F, 0xF81F, 0xF81F, 0xF81F, 0xF81F,
    0xF81F, 0xF81F, 0xF81F,
    0xF81F, 0xF81F, 0xF81F, 0xF81F, 0xF81F, 0xF81F, 0xF81F, 0xF81F, 0xF81F, 0xF81F, 0xF81F, 0xF81F,
    0xF81F, 0xF81F, 0xF81F, 0x38E7, 0x38E7, 0x38E7, 0xFD48, 0xFD48, 0xFD48, 0xFD48, 0xFD48, 0xFD48,
    0xFD48, 0xFD48, 0xFD48, 0x1084, 0x1084, 0x1084, 0x1084, 0x1084, 0x1084, 0x1084, 0x1084, 0x1084,
    0x1084, 0x1084, 0x1084, 0x1084, 0x1084, 0x1084, 0x1084, 0x1084, 0x1084, 0x1084, 0x1084, 0x1084,
    0x1084, 0x1084, 0x1084, 0x1084, 0x1084, 0x1084, 0x1084, 0x1084, 0x1084, 0x1084, 0x1084, 0x1084,
    0x1084, 0x1084, 0x1084, 0x1084, 0x1084, 0x1084, 0x1084, 0x1084, 0x1084, 0x1084, 0x1084, 0x1084,
    0x1084, 0x1084, 0x1084, 0x1084, 0x1084, 0x1084, 0x1084, 0x1084, 0x1084, 0x1084, 0x1084, 0x1084,
    0x1084, 0x1084, 0x1084, 0x1084, 0x1084, 0x1084, 0x1084, 0x1084, 0x1084, 0x1084, 0x1084, 0x1084,
    0x1084, 0x1084, 0x1084, 0x1084, 0x1084, 0x1084, 0x1084, 0x1084, 0x1084, 0xFD48, 0xFD48, 0xFD48,
    0xFD48, 0xFD48, 0xFD48, 0xFD48, 0xFD48, 0xFD48, 0x38E7, 0x38E7, 0x38E7, 0xF81F, 0xF81F, 0xF81F,
    0xF81F, 0xF81F, 0xF81F, 0xF81F, 0xF81F, 0xF81F, 0xF81F, 0xF81F, 0xF81F, 0xF81F, 0xF81F, 0xF81F,
    0xF81F, 0xF81F, 0xF81F, 0xF81F, 0xF81F, 0xF81F, 0xF81F, 0xF81F, 0xF81F, 0xF81F, 0xF81F, 0xF81F,
    0xF81F, 0xF81F, 0xF81F,
    0xF81F, 0xF81F, 0xF81F, 0xF81F, 0xF81F, 0xF81F, 0xF81F, 0xF81F, 0xF81F, 0xF81F, 0xF81F, 0xF81F,
    0xF81F, 0xF81F, 0xF81F, 0x38E7, 0x38E7, 0x38E7, 0xDB44, 0xDB44, 0xDB44, 0xDB44, 0xDB44, 0xDB44,
    0xFD48, 0xFD48, 0xFD48, 0x1084, 0x1084, 0x1084, 0x1084, 0x1084, 0x1084, 0x1084, 0x1084, 0x1084,
    0xFFFF, 0xFFFF, 0xFFFF, 0x1084, 0x1084, 0x1084, 0x1084, 0x1084, 0x1084, 0x1084, 0x1084, 0x1084,
    0x1084, 0x1084, 0x1084, 0x1084, 0x1084, 0x1084, 0x1084, 0x1084, 0x1084, 0xFD48, 0xFD48, 0xFD48,
    0xFD48, 0xFD48, 0xFD48, 0xFD48, 0xFD48, 0xFD48, 0xFD48, 0xFD48, 0xFD48, 0xFD48, 0xFD48, 0xFD48,
    0xFD48, 0xFD48, 0xFD48, 0x1084, 0x1084, 0x1084, 0x1084, 0x1084, 0x1084, 0x1084, 0x1084, 0x1084,
    0xFFFF, 0xFFFF, 0xFFFF, 0x1084, 0x1084, 0x1084, 0x1084, 0x1084, 0x1084, 0x1084, 0x1084, 0x1084,
    0x1084, 0x1084, 0x1084, 0x1084, 0x1084, 0x1084, 0xFD48, 0xFD48, 0xFD48, 0xDB44, 0xDB44, 0xDB44,
    0xDB44, 0xDB44, 0xDB44, 0x38E7, 0x38E7, 0x38E7, 0xF81F, 0xF81F, 0xF81F, 0xF81F, 0xF81F, 0xF81F,
    0xF81F, 0xF81F, 0xF81F, 0xF81F, 0xF81F, 0xF81F, 0xF81F, 0xF81F, 0xF81F, 0xF81F, 0xF81F, 0xF81F,
    0xF81F, 0xF81F, 0xF81F, 0xF81F, 0xF81F, 0xF81F, 0xF81F, 0xF81F, 0xF81F, 0xF81F, 0xF81F, 0xF81F,
    0xF81F, 0xF81F, 0xF81F,
    0xF81F, 0xF81F, 0xF81F, 0xF81F, 0xF81F, 0xF81F, 0xF81F, 0xF81F, 0xF81F, 0xF81F, 0xF81F, 0xF81F,
    0xF81F, 0xF81F, 0xF81F, 0x38E7, 0x38E7, 0x38E7, 0xDB44, 0xDB44, 0xDB44, 0xDB44, 0xDB44, 0xDB44,
    0xFD48, 0xFD48, 0xFD48, 0x1084, 0x1084, 0x1084, 0x1084, 0x1084, 0x1084, 0x1084, 0x1084, 0x1084,
    0xFFFF, 0xFFFF, 0xFFFF, 0x1084, 0x1084, 0x1084, 0x1084, 0x1084, 0x1084, 0x1084, 0x1084, 0x1084,
    0x1084, 0x1084, 0x1084, 0x1084, 0x1084, 0x1084, 0x1084, 0x1084, 0x1084, 0xFD48, 0xFD48, 0xFD48,
    0xFD48, 0xFD48, 0xFD48, 0xFD48, 0xFD48, 0xFD48, 0xFD48, 0xFD48, 0xFD48, 0xFD48, 0xFD48, 0xFD48,
    0xFD48, 0xFD48, 0xFD48, 0x1084, 0x1084, 0x1084, 0x1084, 0x1084, 0x1084, 0x1084, 0x1084, 0x1084,
    0xFFFF, 0xFFFF, 0xFFFF, 0x1084, 0x1084, 0x1084, 0x1084, 0x1084, 0x1084, 0x1084, 0x1084, 0x1084,
    0x1084, 0x1084, 0x1084, 0x1084, 0x1084, 0x1084, 0xFD48, 0xFD48, 0xFD48, 0xDB44, 0xDB44, 0xDB44,
    0xDB44, 0xDB44, 0xDB44, 0x38E7, 0x38E7, 0x38E7, 0xF81F, 0xF81F, 0xF81F, 0xF81F, 0xF81F, 0xF81F,
    0xF81F, 0xF81F, 0xF81F, 0xF81F, 0xF81F, 0xF81F, 0xF81F, 0xF81F, 0xF81F, 0xF81F, 0xF81F, 0xF81F,
    0xF81F, 0xF81F, 0xF81F, 0xF81F, 0xF81F, 0xF81F, 0xF81F, 0xF81F, 0xF81F, 0xF81F, 0xF81F, 0xF81F,
    0xF81F, 0xF81F, 0xF81F,
    0xF81F, 0xF81F, 0xF81F, 0xF81F, 0xF81F, 0xF81F, 0xF81F, 0xF81F, 0xF81F, 0xF81F, 0xF81F, 0xF81F,
    0xF81F, 0xF81F, 0xF81F, 0x38E7, 0x38E7, 0x38E7, 0xDB44, 0xDB44, 0xDB44, 0xDB44, 0xDB44, 0xDB44,
    0xFD48, 0xFD48, 0xFD48, 0x1084, 0x1084, 0x1084, 0x1084, 0x1084, 0x1084, 0x1084, 0x1084, 0x1084,
    0xFFFF, 0xFFFF, 0xFFFF, 0x1084, 0x1084, 0x1084, 0x1084, 0x1084, 0x1084, 0x1084, 0x1084, 0x1084,
    0x1084, 0x1084, 0x1084, 0x1084, 0x1084, 0x1084, 0x1084, 0x1084, 0x1084, 0xFD48, 0xFD48, 0xFD48,
    0xFD48, 0xFD48, 0xFD48, 0xFD48, 0xFD48, 0xFD48, 0xFD48, 0xFD48, 0xFD48, 0xFD48, 0xFD48, 0xFD48,
    0xFD48, 0xFD48, 0xFD48, 0x1084, 0x1084, 0x1084, 0x1084, 0x1084, 0x1084, 0x1084, 0x1084, 0x1084,
    0xFFFF, 0xFFFF, 0xFFFF, 0x1084, 0x1084, 0x1084, 0x1084, 0x1084, 0x1084, 0x1084, 0x1084, 0x1084,
    0x1084, 0x1084, 0x1084, 0x1084, 0x1084, 0x1084, 0xFD48, 0xFD48, 0xFD48, 0xDB44, 0xDB44, 0xDB44,
    0xDB44, 0xDB44, 0xDB44, 0x38E7, 0x38E7, 0x38E7, 0xF81F, 0xF81F, 0xF81F, 0xF81F, 0xF81F, 0xF81F,
    0xF81F, 0xF81F, 0xF81F, 0xF81F, 0xF81F, 0xF81F, 0xF81F, 0xF81F, 0xF81F, 0xF81F, 0xF81F, 0xF81F,
    0xF81F, 0xF81F, 0xF81F, 0xF81F, 0xF81F, 0xF81F, 0xF81F, 0xF81F, 0xF81F, 0xF81F, 0xF81F, 0xF81F,
    0xF81F, 0xF81F, 0xF81F,
    0xF81F, 0xF81F, 0xF81F, 0xF81F, 0xF81F, 0xF81F, 0xF81F, 0xF81F, 0xF81F, 0xF81F, 0xF81F, 0xF81F,
    0xF81F, 0xF81F, 0xF81F, 0x38E7, 0x38E7, 0x38E7, 0xFD48, 0xFD48, 0xFD48, 0xFD48, 0xFD48, 0xFD48,
    0xFD48, 0xFD48, 0xFD48, 0xFD48, 0xFD48, 0xFD48, 0x1084, 0x1084, 0x1084, 0xFFFF, 0xFFFF, 0xFFFF,
    0x1084, 0x1084, 0x1084, 0x1084, 0x1084, 0x1084, 0x1084, 0x1084, 0x1084, 0x1084, 0x1084, 0x1084,
    0x1084, 0x1084, 0x1084, 0x1084, 0x1084, 0x1084, 0xFD48, 0xFD48, 0xFD48, 0xFD48, 0xFD48, 0xFD48,
    0xFD48, 0xFD48, 0xFD48, 0xFD48, 0xFD48, 0xFD48, 0xFD48, 0xFD48, 0xFD48, 0xFD48, 0xFD48, 0xFD48,
    0xFD48, 0xFD48, 0xFD48, 0xFD48, 0xFD48, 0xFD48, 0x1084, 0x1084, 0x1084, 0xFFFF, 0xFFFF, 0xFFFF,
    0x1084, 0x1084, 0x1084, 0x1084, 0x1084, 0x1084, 0x1084, 0x1084, 0x1084, 0x1084, 0x1084, 0x1084,
    0x1084, 0x1084, 0x1084, 0x1084, 0x1084, 0x1084, 0xFD48, 0xFD48, 0xFD48, 0xFD48, 0xFD48, 0xFD48,
    0xFD48, 0xFD48, 0xFD48, 0xFD48, 0xFD48, 0xFD48, 0x38E7, 0x38E7, 0x38E7, 0xF81F, 0xF81F, 0xF81F,
    0xF81F, 0xF81F, 0xF81F, 0xF81F, 0xF81F, 0xF81F, 0xF81F, 0xF81F, 0xF81F, 0xF81F, 0xF81F, 0xF81F,
    0xF81F, 0xF81F, 0xF81F, 0xF81F, 0xF81F, 0xF81F, 0xF81F, 0xF81F, 0xF81F, 0xF81F, 0xF81F, 0xF81F,
    0xF81F, 0xF81F, 0xF81F,
    0xF81F, 0xF81F, 0xF81F, 0xF81F, 0xF81F, 0xF81F, 0xF81F, 0xF81F, 0xF81F, 0xF81F, 0xF81F, 0xF81F,
    0xF81F, 0xF81F, 0xF81F, 0x38E7, 0x38E7, 0x38E7, 0xFD48, 0xFD48, 0xFD48, 0xFD48, 0xFD48, 0xFD48,
    0xFD48, 0xFD48, 0xFD48, 0xFD48, 0xFD48, 0xFD48, 0x1084, 0x1084, 0x1084, 0xFFFF, 0xFFFF, 0xFFFF,
    0x1084, 0x1084, 0x1084, 0x1084, 0x1084, 0x1084, 0x1084, 0x1084, 0x1084, 0x1084, 0x1084, 0x1084,
    0x1084, 0x1084, 0x1084, 0x1084, 0x1084, 0x1084, 0xFD48, 0xFD48, 0xFD48, 0xFD48, 0xFD48, 0xFD48,
    0xFD48, 0xFD48, 0xFD48, 0xFD48, 0xFD48, 0xFD48, 0xFD48, 0xFD48, 0xFD48, 0xFD48, 0xFD48, 0xFD48,
    0xFD48, 0xFD48, 0xFD48, 0xFD48, 0xFD48, 0xFD48, 0x1084, 0x1084, 0x1084, 0xFFFF, 0xFFFF, 0xFFFF,
    0x1084, 0x1084, 0x1084, 0x1084, 0x1084, 0x1084, 0x1084, 0x1084, 0x1084, 0x1084, 0x1084, 0x1084,
    0x1084, 0x1084, 0x1084, 0x1084, 0x1084, 0x1084, 0xFD48, 0xFD48, 0xFD48, 0xFD48, 0xFD48, 0xFD48,
    0xFD48, 0xFD48, 0xFD48, 0xFD48, 0xFD48, 0xFD48, 0x38E7, 0x38E7, 0x38E7, 0xF81F, 0xF81F, 0xF81F,
    0xF81F, 0xF81F, 0xF81F, 0xF81F, 0xF81F, 0xF81F, 0xF81F, 0xF81F, 0xF81F, 0xF81F, 0xF81F, 0xF81F,
    0xF81F, 0xF81F, 0xF81F, 0xF81F, 0xF81F, 0xF81F, 0xF81F, 0xF81F, 0xF81F, 0xF81F, 0xF81F, 0xF81F,
    0xF81F, 0xF81F, 0xF81F,
    0xF81F, 0xF81F, 0xF81F, 0xF81F, 0xF81F, 0xF81F, 0xF81F, 0xF81F, 0xF81F, 0xF81F, 0xF81F, 0xF81F,
    0xF81F, 0xF81F, 0xF81F, 0x38E7, 0x38E7, 0x38E7, 0xFD48, 0xFD48, 0xFD48, 0xFD48, 0xFD48, 0xFD48,
    0xFD48, 0xFD48, 0xFD48, 0xFD48, 0xFD48, 0xFD48, 0x1084, 0x1084, 0x1084, 0xFFFF, 0xFFFF, 0xFFFF,
    0x1084, 0x1084, 0x1084, 0x1084, 0x1084, 0x1084, 0x1084, 0x1084, 0x1084, 0x1084, 0x1084, 0x1084,
    0x1084, 0x1084, 0x1084, 0x1084, 0x1084, 0x1084, 0xFD48, 0xFD48, 0xFD48, 0xFD48, 0xFD48, 0xFD48,
    0xFD48, 0xFD48, 0xFD48, 0xFD48, 0xFD48, 0xFD48, 0xFD48, 0xFD48, 0xFD48, 0xFD48, 0xFD48, 0xFD48,
    0xFD48, 0xFD48, 0xFD48, 0xFD48, 0xFD48, 0xFD48, 0x1084, 0x1084, 0x1084, 0xFFFF, 0xFFFF, 0xFFFF,
    0x1084, 0x1084, 0x1084, 0x1084, 0x1084, 0x1084, 0x1084, 0x1084, 0x1084, 0x1084, 0x1084, 0x1084,
    0x1084, 0x1084, 0x1084, 0x1084, 0x1084, 0x1084, 0xFD48, 0xFD48, 0xFD48, 0xFD48, 0xFD48, 0xFD48,
    0xFD48, 0xFD48, 0xFD48, 0xFD48, 0xFD48, 0xFD48, 0x38E7, 0x38E7, 0x38E7, 0xF81F, 0xF81F, 0xF81F,
    0xF81F, 0xF81F, 0xF81F, 0xF81F, 0xF81F, 0xF81F, 0xF81F, 0xF81F, 0xF81F, 0xF81F, 0xF81F, 0xF81F,
    0xF81F, 0xF81F, 0xF81F, 0xF81F, 0xF81F, 0xF81F, 0xF81F, 0xF81F, 0xF81F, 0xF81F, 0xF81F, 0xF81F,
    0xF81F, 0xF81F, 0xF81F,
    0xF81F, 0xF81F, 0xF81F, 0xF81F, 0xF81F, 0xF81F, 0xF81F, 0xF81F, 0xF81F, 0xF81F, 0xF81F, 0xF81F,
    0xF81F, 0xF81F, 0xF81F, 0x38E7, 0x38E7, 0x38E7, 0xDB44, 0xDB44, 0xDB44, 0xDB44, 0xDB44, 0xDB44,
    0xFD48, 0xFD48, 0xFD48, 0xFD48, 0xFD48, 0xFD48, 0xFD48, 0xFD48, 0xFD48, 0x1084, 0x1084, 0x1084,
    0x1084, 0x1084, 0x1084, 0x1084, 0x1084, 0x1084, 0x1084, 0x1084, 0x1084, 0x1084, 0x1084, 0x1084,
    0xFD48, 0xFD48, 0xFD48, 0xFD48, 0xFD48, 0xFD48, 0xFD48, 0xFD48, 0xFD48, 0xFD48, 0xFD48, 0xFD48,
    0xFD48, 0xFD48, 0xFD48, 0xFD48, 0xFD48, 0xFD48, 0xFD48, 0xFD48, 0xFD48, 0xFD48, 0xFD48, 0xFD48,
    0xFD48, 0xFD48, 0xFD48, 0xFD48, 0xFD48, 0xFD48, 0xFD48, 0xFD48, 0xFD48, 0xFD48, 0xFD48, 0xFD48,
    0x1084, 0x1084, 0x1084, 0x1084, 0x1084, 0x1084, 0x1084, 0x1084, 0x1084, 0x1084, 0x1084, 0x1084,
    0x1084, 0x1084, 0x1084, 0xFD48, 0xFD48, 0xFD48, 0xFD48, 0xFD48, 0xFD48, 0xFD48, 0xFD48, 0xFD48,
    0xDB44, 0xDB44, 0xDB44, 0xDB44, 0xDB44, 0xDB44, 0x38E7, 0x38E7, 0x38E7, 0xF81F, 0xF81F, 0xF81F,
    0xF81F, 0xF81F, 0xF81F, 0xF81F, 0xF81F, 0xF81F, 0x38E7, 0x38E7, 0x38E7, 0x38E7, 0x38E7, 0x38E7,
    0x38E7, 0x38E7, 0x38E7, 0x38E7, 0x38E7, 0x38E7, 0xF81F, 0xF81F, 0xF81F, 0xF81F, 0xF81F, 0xF81F,
    0xF81F, 0xF81F, 0xF81F,
    0xF81F, 0xF81F, 0xF81F, 0xF81F, 0xF81F, 0xF81F, 0xF81F, 0xF81F, 0xF81F, 0xF81F, 0xF81F, 0xF81F,
    0xF81F, 0xF81F, 0xF81F, 0x38E7, 0x38E7, 0x38E7, 0xDB44, 0xDB44, 0xDB44, 0xDB44, 0xDB44, 0xDB44,
    0xFD48, 0xFD48, 0xFD48, 0xFD48, 0xFD48, 0xFD48, 0xFD48, 0xFD48, 0xFD48, 0x1084, 0x1084, 0x1084,
    0x1084, 0x1084, 0x1084, 0x1084, 0x1084, 0x1084, 0x1084, 0x1084, 0x1084, 0x1084, 0x1084, 0x1084,
    0xFD48, 0xFD48, 0xFD48, 0xFD48, 0xFD48, 0xFD48, 0xFD48, 0xFD48, 0xFD48, 0xFD48, 0xFD48, 0xFD48,
    0xFD48, 0xFD48, 0xFD48, 0xFD48, 0xFD48, 0xFD48, 0xFD48, 0xFD48, 0xFD48, 0xFD48, 0xFD48, 0xFD48,
    0xFD48, 0xFD48, 0xFD48, 0xFD48, 0xFD48, 0xFD48, 0xFD48, 0xFD48, 0xFD48, 0xFD48, 0xFD48, 0xFD48,
    0x1084, 0x1084, 0x1084, 0x1084, 0x1084, 0x1084, 0x1084, 0x1084, 0x1084, 0x1084, 0x1084, 0x1084,
    0x1084, 0x1084, 0x1084, 0xFD48, 0xFD48, 0xFD48, 0xFD48, 0xFD48, 0xFD48, 0xFD48, 0xFD48, 0xFD48,
    0xDB44, 0xDB44, 0xDB44, 0xDB44, 0xDB44, 0xDB44, 0x38E7, 0x38E7, 0x38E7, 0xF81F, 0xF81F, 0xF81F,
    0xF81F, 0xF81F, 0xF81F, 0xF81F, 0xF81F, 0xF81F, 0x38E7, 0x38E7, 0x38E7, 0x38E7, 0x38E7, 0x38E7,
    0x38E7, 0x38E7, 0x38E7, 0x38E7, 0x38E7, 0x38E7, 0xF81F, 0xF81F, 0xF81F, 0xF81F, 0xF81F, 0xF81F,
    0xF81F, 0xF81F, 0xF81F,
    0xF81F, 0xF81F, 0xF81F, 0xF81F, 0xF81F, 0xF81F, 0xF81F, 0xF81F, 0xF81F, 0xF81F, 0xF81F, 0xF81F,
    0xF81F, 0xF81F, 0xF81F, 0x38E7, 0x38E7, 0x38E7, 0xDB44, 0xDB44, 0xDB44, 0xDB44, 0xDB44, 0xDB44,
    0xFD48, 0xFD48, 0xFD48, 0xFD48, 0xFD48, 0xFD48, 0xFD48, 0xFD48, 0xFD48, 0x1084, 0x1084, 0x1084,
    0x1084, 0x1084, 0x1084, 0x1084, 0x1084, 0x1084, 0x1084, 0x1084, 0x1084, 0x1084, 0x1084, 0x1084,
    0xFD48, 0xFD48, 0xFD48, 0xFD48, 0xFD48, 0xFD48, 0xFD48, 0xFD48, 0xFD48, 0xFD48, 0xFD48, 0xFD48,
    0xFD48, 0xFD48, 0xFD48, 0xFD48, 0xFD48, 0xFD48, 0xFD48, 0xFD48, 0xFD48, 0xFD48, 0xFD48, 0xFD48,
    0xFD48, 0xFD48, 0xFD48, 0xFD48, 0xFD48, 0xFD48, 0xFD48, 0xFD48, 0xFD48, 0xFD48, 0xFD48, 0xFD48,
    0x1084, 0x1084, 0x1084, 0x1084, 0x1084, 0x1084, 0x1084, 0x1084, 0x1084, 0x1084, 0x1084, 0x1084,
    0x1084, 0x1084, 0x1084, 0xFD48, 0xFD48, 0xFD48, 0xFD48, 0xFD48, 0xFD48, 0xFD48, 0xFD48, 0xFD48,
    0xDB44, 0xDB44, 0xDB44, 0xDB44, 0xDB44, 0xDB44, 0x38E7, 0x38E7, 0x38E7, 0xF81F, 0xF81F, 0xF81F,
    0xF81F, 0xF81F, 0xF81F, 0xF81F, 0xF81F, 0xF81F, 0x38E7, 0x38E7, 0x38E7, 0x38E7, 0x38E7, 0x38E7,
    0x38E7, 0x38E7, 0x38E7, 0x38E7, 0x38E7, 0x38E7, 0xF81F, 0xF81F, 0xF81F, 0xF81F, 0xF81F, 0xF81F,
    0xF81F, 0xF81F, 0xF81F,
    0xF81F, 0xF81F, 0xF81F, 0xF81F, 0xF81F, 0xF81F, 0xF81F, 0xF81F, 0xF81F, 0xF81F, 0xF81F, 0xF81F,
    0xF81F, 0xF81F, 0xF81F, 0x38E7, 0x38E7, 0x38E7, 0xFD48, 0xFD48, 0xFD48, 0xFC76, 0xFC76, 0xFC76,
    0xFC76, 0xFC76, 0xFC76, 0xFC76, 0xFC76, 0xFC76, 0xFD48, 0xFD48, 0xFD48, 0xFD48, 0xFD48, 0xFD48,
    0xFD48, 0xFD48, 0xFD48, 0xFD48, 0xFD48, 0xFD48, 0xFD48, 0xFD48, 0xFD48, 0xFD48, 0xFD48, 0xFD48,
    0xFF79, 0xFF79, 0xFF79, 0xFF79, 0xFF79, 0xFF79, 0xFF79, 0xFF79, 0xFF79, 0xFF79, 0xFF79, 0xFF79,
    0xFC76, 0xFC76, 0xFC76, 0xFC76, 0xFC76, 0xFC76, 0xFC76, 0xFC76, 0xFC76, 0xFC76, 0xFC76, 0xFC76,
    0xFF79, 0xFF79, 0xFF79, 0xFF79, 0xFF79, 0xFF79, 0xFF79, 0xFF79, 0xFF79, 0xFF79, 0xFF79, 0xFF79,
    0xFD48, 0xFD48, 0xFD48, 0xFD48, 0xFD48, 0xFD48, 0xFD48, 0xFD48, 0xFD48, 0xFD48, 0xFD48, 0xFD48,
    0xFD48, 0xFD48, 0xFD48, 0xFD48, 0xFD48, 0xFD48, 0xFC76, 0xFC76, 0xFC76, 0xFC76, 0xFC76, 0xFC76,
    0xFC76, 0xFC76, 0xFC76, 0xFD48, 0xFD48, 0xFD48, 0x38E7, 0x38E7, 0x38E7, 0xF81F, 0xF81F, 0xF81F,
    0xF81F, 0xF81F, 0xF81F, 0x38E7, 0x38E7, 0x38E7, 0xFD48, 0xFD48, 0xFD48, 0xFD48, 0xFD48, 0xFD48,
    0xDB44, 0xDB44, 0xDB44, 0xDB44, 0xDB44, 0xDB44, 0x38E7, 0x38E7, 0x38E7, 0xF81F, 0xF81F, 0xF81F,
    0xF81F, 0xF81F, 0xF81F,
    0xF81F, 0xF81F, 0xF81F, 0xF81F, 0xF81F, 0xF81F, 0xF81F, 0xF81F, 0xF81F, 0xF81F, 0xF81F, 0xF81F,
    0xF81F, 0xF81F, 0xF81F, 0x38E7, 0x38E7, 0x38E7, 0xFD48, 0xFD48, 0xFD48, 0xFC76, 0xFC76, 0xFC76,
    0xFC76, 0xFC76, 0xFC76, 0xFC76, 0xFC76, 0xFC76, 0xFD48, 0xFD48, 0xFD48, 0xFD48, 0xFD48, 0xFD48,
    0xFD48, 0xFD48, 0xFD48, 0xFD48, 0xFD48, 0xFD48, 0xFD48, 0xFD48, 0xFD48, 0xFD48, 0xFD48, 0xFD48,
    0xFF79, 0xFF79, 0xFF79, 0xFF79, 0xFF79, 0xFF79, 0xFF79, 0xFF79, 0xFF79, 0xFF79, 0xFF79, 0xFF79,
    0xFC76, 0xFC76, 0xFC76, 0xFC76, 0xFC76, 0xFC76, 0xFC76, 0xFC76, 0xFC76, 0xFC76, 0xFC76, 0xFC76,
    0xFF79, 0xFF79, 0xFF79, 0xFF79, 0xFF79, 0xFF79, 0xFF79, 0xFF79, 0xFF79, 0xFF79, 0xFF79, 0xFF79,
    0xFD48, 0xFD48, 0xFD48, 0xFD48, 0xFD48, 0xFD48, 0xFD48, 0xFD48, 0xFD48, 0xFD48, 0xFD48, 0xFD48,
    0xFD48, 0xFD48, 0xFD48, 0xFD48, 0xFD48, 0xFD48, 0xFC76, 0xFC76, 0xFC76, 0xFC76, 0xFC76, 0xFC76,
    0xFC76, 0xFC76, 0xFC76, 0xFD48, 0xFD48, 0xFD48, 0x38E7, 0x38E7, 0x38E7, 0xF81F, 0xF81F, 0xF81F,
    0xF81F, 0xF81F, 0xF81F, 0x38E7, 0x38E7, 0x38E7, 0xFD48, 0xFD48, 0xFD48, 0xFD48, 0xFD48, 0xFD48,
    0xDB44, 0xDB44, 0xDB44, 0xDB44, 0xDB44, 0xDB44, 0x38E7, 0x38E7, 0x38E7, 0xF81F, 0xF81F, 0xF81F,
    0xF81F, 0xF81F, 0xF81F,
    0xF81F, 0xF81F, 0xF81F, 0xF81F, 0xF81F, 0xF81F, 0xF81F, 0xF81F, 0xF81F, 0xF81F, 0xF81F, 0xF81F,
    0xF81F, 0xF81F, 0xF81F, 0x38E7, 0x38E7, 0x38E7, 0xFD48, 0xFD48, 0xFD48, 0xFC76, 0xFC76, 0xFC76,
    0xFC76, 0xFC76, 0xFC76, 0xFC76, 0xFC76, 0xFC76, 0xFD48, 0xFD48, 0xFD48, 0xFD48, 0xFD48, 0xFD48,
    0xFD48, 0xFD48, 0xFD48, 0xFD48, 0xFD48, 0xFD48, 0xFD48, 0xFD48, 0xFD48, 0xFD48, 0xFD48, 0xFD48,
    0xFF79, 0xFF79, 0xFF79, 0xFF79, 0xFF79, 0xFF79, 0xFF79, 0xFF79, 0xFF79, 0xFF79, 0xFF79, 0xFF79,
    0xFC76, 0xFC76, 0xFC76, 0xFC76, 0xFC76, 0xFC76, 0xFC76, 0xFC76, 0xFC76, 0xFC76, 0xFC76, 0xFC76,
    0xFF79, 0xFF79, 0xFF79, 0xFF79, 0xFF79, 0xFF79, 0xFF79, 0xFF79, 0xFF79, 0xFF79, 0xFF79, 0xFF79,
    0xFD48, 0xFD48, 0xFD48, 0xFD48, 0xFD48, 0xFD48, 0xFD48, 0xFD48, 0xFD48, 0xFD48, 0xFD48, 0xFD48,
    0xFD48, 0xFD48, 0xFD48, 0xFD48, 0xFD48, 0xFD48, 0xFC76, 0xFC76, 0xFC76, 0xFC76, 0xFC76, 0xFC76,
    0xFC76, 0xFC76, 0xFC76, 0xFD48, 0xFD48, 0xFD48, 0x38E7, 0x38E7, 0x38E7, 0xF81F, 0xF81F, 0xF81F,
    0xF81F, 0xF81F, 0xF81F, 0x38E7, 0x38E7, 0x38E7, 0xFD48, 0xFD48, 0xFD48, 0xFD48, 0xFD48, 0xFD48,
    0xDB44, 0xDB44, 0xDB44, 0xDB44, 0xDB44, 0xDB44, 0x38E7, 0x38E7, 0x38E7, 0xF81F, 0xF81F, 0xF81F,
    0xF81F, 0xF81F, 0xF81F,
    0xF81F, 0xF81F, 0xF81F, 0xF81F, 0xF81F, 0xF81F, 0xF81F, 0xF81F, 0xF81F, 0xF81F, 0xF81F, 0xF81F,
    0xF81F, 0xF81F, 0xF81F, 0x38E7, 0x38E7, 0x38E7, 0xFD48, 0xFD48, 0xFD48, 0xFC76, 0xFC76, 0xFC76,
    0xFC76, 0xFC76, 0xFC76, 0xFC76, 0xFC76, 0xFC76, 0xFD48, 0xFD48, 0xFD48, 0xFD48, 0xFD48, 0xFD48,
    0xFD48, 0xFD48, 0xFD48, 0xFD48, 0xFD48, 0xFD48, 0xFD48, 0xFD48, 0xFD48, 0xFF79, 0xFF79, 0xFF79,
    0xFF79, 0xFF79, 0xFF79, 0xFF79, 0xFF79, 0xFF79, 0xFF79, 0xFF79, 0xFF79, 0xFF79, 0xFF79, 0xFF79,
    0xFF79, 0xFF79, 0xFF79, 0xFC76, 0xFC76, 0xFC76, 0xFC76, 0xFC76, 0xFC76, 0xFF79, 0xFF79, 0xFF79,
    0xFF79, 0xFF79, 0xFF79, 0xFF79, 0xFF79, 0xFF79, 0x38E7, 0x38E7, 0x38E7, 0xFF79, 0xFF79, 0xFF79,
    0xFF79, 0xFF79, 0xFF79, 0xFD48, 0xFD48, 0xFD48, 0xFD48, 0xFD48, 0xFD48, 0xFD48, 0xFD48, 0xFD48,
    0xFD48, 0xFD48, 0xFD48, 0xFD48, 0xFD48, 0xFD48, 0xFC76, 0xFC76, 0xFC76, 0xFC76, 0xFC76, 0xFC76,
    0xFC76, 0xFC76, 0xFC76, 0xFD48, 0xFD48, 0xFD48, 0x38E7, 0x38E7, 0x38E7, 0xF81F, 0xF81F, 0xF81F,
    0xF81F, 0xF81F, 0xF81F, 0x38E7, 0x38E7, 0x38E7, 0xFD48, 0xFD48, 0xFD48, 0x38E7, 0x38E7, 0x38E7,
    0x38E7, 0x38E7, 0x38E7, 0xFD48, 0xFD48, 0xFD48, 0xFD48, 0xFD48, 0xFD48, 0x38E7, 0x38E7, 0x38E7,
    0xF81F, 0xF81F, 0xF81F,
    0xF81F, 0xF81F, 0xF81F, 0xF81F, 0xF81F, 0xF81F, 0xF81F, 0xF81F, 0xF81F, 0xF81F, 0xF81F, 0xF81F,
    0xF81F, 0xF81F, 0xF81F, 0x38E7, 0x38E7, 0x38E7, 0xFD48, 0xFD48, 0xFD48, 0xFC76, 0xFC76, 0xFC76,
    0xFC76, 0xFC76, 0xFC76, 0xFC76, 0xFC76, 0xFC76, 0xFD48, 0xFD48, 0xFD48, 0xFD48, 0xFD48, 0xFD48,
    0xFD48, 0xFD48, 0xFD48, 0xFD48, 0xFD48, 0xFD48, 0xFD48, 0xFD48, 0xFD48, 0xFF79, 0xFF79, 0xFF79,
    0xFF79, 0xFF79, 0xFF79, 0xFF79, 0xFF79, 0xFF79, 0xFF79, 0xFF79, 0xFF79, 0xFF79, 0xFF79, 0xFF79,
    0xFF79, 0xFF79, 0xFF79, 0xFC76, 0xFC76, 0xFC76, 0xFC76, 0xFC76, 0xFC76, 0xFF79, 0xFF79, 0xFF79,
    0xFF79, 0xFF79, 0xFF79, 0xFF79, 0xFF79, 0xFF79, 0x38E7, 0x38E7, 0x38E7, 0xFF79, 0xFF79, 0xFF79,
    0xFF79, 0xFF79, 0xFF79, 0xFD48, 0xFD48, 0xFD48, 0xFD48, 0xFD48, 0xFD48, 0xFD48, 0xFD48, 0xFD48,
    0xFD48, 0xFD48, 0xFD48, 0xFD48, 0xFD48, 0xFD48, 0xFC76, 0xFC76, 0xFC76, 0xFC76, 0xFC76, 0xFC76,
    0xFC76, 0xFC76, 0xFC76, 0xFD48, 0xFD48, 0xFD48, 0x38E7, 0x38E7, 0x38E7, 0xF81F, 0xF81F, 0xF81F,
    0xF81F, 0xF81F, 0xF81F, 0x38E7, 0x38E7, 0x38E7, 0xFD48, 0xFD48, 0xFD48, 0x38E7, 0x38E7, 0x38E7,
    0x38E7, 0x38E7, 0x38E7, 0xFD48, 0xFD48, 0xFD48, 0xFD48, 0xFD48, 0xFD48, 0x38E7, 0x38E7, 0x38E7,
    0xF81F, 0xF81F, 0xF81F,
    0xF81F, 0xF81F, 0xF81F, 0xF81F, 0xF81F, 0xF81F, 0xF81F, 0xF81F, 0xF81F, 0xF81F, 0xF81F, 0xF81F,
    0xF81F, 0xF81F, 0xF81F, 0x38E7, 0x38E7, 0x38E7, 0xFD48, 0xFD48, 0xFD48, 0xFC76, 0xFC76, 0xFC76,
    0xFC76, 0xFC76, 0xFC76, 0xFC76, 0xFC76, 0xFC76, 0xFD48, 0xFD48, 0xFD48, 0xFD48, 0xFD48, 0xFD48,
    0xFD48, 0xFD48, 0xFD48, 0xFD48, 0xFD48, 0xFD48, 0xFD48, 0xFD48, 0xFD48, 0xFF79, 0xFF79, 0xFF79,
    0xFF79, 0xFF79, 0xFF79, 0xFF79, 0xFF79, 0xFF79, 0xFF79, 0xFF79, 0xFF79, 0xFF79, 0xFF79, 0xFF79,
    0xFF79, 0xFF79, 0xFF79, 0xFC76, 0xFC76, 0xFC76, 0xFC76, 0xFC76, 0xFC76, 0xFF79, 0xFF79, 0xFF79,
    0xFF79, 0xFF79, 0xFF79, 0xFF79, 0xFF79, 0xFF79, 0x38E7, 0x38E7, 0x38E7, 0xFF79, 0xFF79, 0xFF79,
    0xFF79, 0xFF79, 0xFF79, 0xFD48, 0xFD48, 0xFD48, 0xFD48, 0xFD48, 0xFD48, 0xFD48, 0xFD48, 0xFD48,
    0xFD48, 0xFD48, 0xFD48, 0xFD48, 0xFD48, 0xFD48, 0xFC76, 0xFC76, 0xFC76, 0xFC76, 0xFC76, 0xFC76,
    0xFC76, 0xFC76, 0xFC76, 0xFD48, 0xFD48, 0xFD48, 0x38E7, 0x38E7, 0x38E7, 0xF81F, 0xF81F, 0xF81F,
    0xF81F, 0xF81F, 0xF81F, 0x38E7, 0x38E7, 0x38E7, 0xFD48, 0xFD48, 0xFD48, 0x38E7, 0x38E7, 0x38E7,
    0x38E7, 0x38E7, 0x38E7, 0xFD48, 0xFD48, 0xFD48, 0xFD48, 0xFD48, 0xFD48, 0x38E7, 0x38E7, 0x38E7,
    0xF81F, 0xF81F, 0xF81F,
    0xF81F, 0xF81F, 0xF81F, 0xF81F, 0xF81F, 0xF81F, 0xF81F, 0xF81F, 0xF81F, 0xF81F, 0xF81F, 0xF81F,
    0xF81F, 0xF81F, 0xF81F, 0x38E7, 0x38E7, 0x38E7, 0xFD48, 0xFD48, 0xFD48, 0xFD48, 0xFD48, 0xFD48,
    0xFD48, 0xFD48, 0xFD48, 0xFD48, 0xFD48, 0xFD48, 0xFD48, 0xFD48, 0xFD48, 0xFD48, 0xFD48, 0xFD48,
    0xFD48, 0xFD48, 0xFD48, 0xFD48, 0xFD48, 0xFD48, 0xFF79, 0xFF79, 0xFF79, 0xFF79, 0xFF79, 0xFF79,
    0xFF79, 0xFF79, 0xFF79, 0xFF79, 0xFF79, 0xFF79, 0x38E7, 0x38E7, 0x38E7, 0xFF79, 0xFF79, 0xFF79,
    0xFF79, 0xFF79, 0xFF79, 0x38E7, 0x38E7, 0x38E7, 0x38E7, 0x38E7, 0x38E7, 0xFF79, 0xFF79, 0xFF79,
    0xFF79, 0xFF79, 0xFF79, 0x38E7, 0x38E7, 0x38E7, 0xFF79, 0xFF79, 0xFF79, 0xFF79, 0xFF79, 0xFF79,
    0xFF79, 0xFF79, 0xFF79, 0xFF79, 0xFF79, 0xFF79, 0xFD48, 0xFD48, 0xFD48, 0xFD48, 0xFD48, 0xFD48,
    0xFD48, 0xFD48, 0xFD48, 0xFD48, 0xFD48, 0xFD48, 0xFD48, 0xFD48, 0xFD48, 0xFD48, 0xFD48, 0xFD48,
    0xFD48, 0xFD48, 0xFD48, 0xFD48, 0xFD48, 0xFD48, 0x38E7, 0x38E7, 0x38E7, 0xF81F, 0xF81F, 0xF81F,
    0xF81F, 0xF81F, 0xF81F, 0x38E7, 0x38E7, 0x38E7, 0x38E7, 0x38E7, 0x38E7, 0xF81F, 0xF81F, 0xF81F,
    0xF81F, 0xF81F, 0xF81F, 0x38E7, 0x38E7, 0x38E7, 0xFD48, 0xFD48, 0xFD48, 0xFD48, 0xFD48, 0xFD48,
    0x38E7, 0x38E7, 0x38E7,
    0xF81F, 0xF81F, 0xF81F, 0xF81F, 0xF81F, 0xF81F, 0xF81F, 0xF81F, 0xF81F, 0xF81F, 0xF81F, 0xF81F,
    0xF81F, 0xF81F, 0xF81F, 0x38E7, 0x38E7, 0x38E7, 0xFD48, 0xFD48, 0xFD48, 0xFD48, 0xFD48, 0xFD48,
    0xFD48, 0xFD48, 0xFD48, 0xFD48, 0xFD48, 0xFD48, 0xFD48, 0xFD48, 0xFD48, 0xFD48, 0xFD48, 0xFD48,
    0xFD48, 0xFD48, 0xFD48, 0xFD48, 0xFD48, 0xFD48, 0xFF79, 0xFF79, 0xFF79, 0xFF79, 0xFF79, 0xFF79,
    0xFF79, 0xFF79, 0xFF79, 0xFF79, 0xFF79, 0xFF79, 0x38E7, 0x38E7, 0x38E7, 0xFF79, 0xFF79, 0xFF79,
    0xFF79, 0xFF79, 0xFF79, 0x38E7, 0x38E7, 0x38E7, 0x38E7, 0x38E7, 0x38E7, 0xFF79, 0xFF79, 0xFF79,
    0xFF79, 0xFF79, 0xFF79, 0x38E7, 0x38E7, 0x38E7, 0xFF79, 0xFF79, 0xFF79, 0xFF79, 0xFF79, 0xFF79,
    0xFF79, 0xFF79, 0xFF79, 0xFF79, 0xFF79, 0xFF79, 0xFD48, 0xFD48, 0xFD48, 0xFD48, 0xFD48, 0xFD48,
    0xFD48, 0xFD48, 0xFD48, 0xFD48, 0xFD48, 0xFD48, 0xFD48, 0xFD48, 0xFD48, 0xFD48, 0xFD48, 0xFD48,
    0xFD48, 0xFD48, 0xFD48, 0xFD48, 0xFD48, 0xFD48, 0x38E7, 0x38E7, 0x38E7, 0xF81F, 0xF81F, 0xF81F,
    0xF81F, 0xF81F, 0xF81F, 0x38E7, 0x38E7, 0x38E7, 0x38E7, 0x38E7, 0x38E7, 0xF81F, 0xF81F, 0xF81F,
    0xF81F, 0xF81F, 0xF81F, 0x38E7, 0x38E7, 0x38E7, 0xFD48, 0xFD48, 0xFD48, 0xFD48, 0xFD48, 0xFD48,
    0x38E7, 0x38E7, 0x38E7,
    0xF81F, 0xF81F, 0xF81F, 0xF81F, 0xF81F, 0xF81F, 0xF81F, 0xF81F, 0xF81F, 0xF81F, 0xF81F, 0xF81F,
    0xF81F, 0xF81F, 0xF81F, 0x38E7, 0x38E7, 0x38E7, 0xFD48, 0xFD48, 0xFD48, 0xFD48, 0xFD48, 0xFD48,
    0xFD48, 0xFD48, 0xFD48, 0xFD48, 0xFD48, 0xFD48, 0xFD48, 0xFD48, 0xFD48, 0xFD48, 0xFD48, 0xFD48,
    0xFD48, 0xFD48, 0xFD48, 0xFD48, 0xFD48, 0xFD48, 0xFF79, 0xFF79, 0xFF79, 0xFF79, 0xFF79, 0xFF79,
    0xFF79, 0xFF79, 0xFF79, 0xFF79, 0xFF79, 0xFF79, 0x38E7, 0x38E7, 0x38E7, 0xFF79, 0xFF79, 0xFF79,
    0xFF79, 0xFF79, 0xFF79, 0x38E7, 0x38E7, 0x38E7, 0x38E7, 0x38E7, 0x38E7, 0xFF79, 0xFF79, 0xFF79,
    0xFF79, 0xFF79, 0xFF79, 0x38E7, 0x38E7, 0x38E7, 0xFF79, 0xFF79, 0xFF79, 0xFF79, 0xFF79, 0xFF79,
    0xFF79, 0xFF79, 0xFF79, 0xFF79, 0xFF79, 0xFF79, 0xFD48, 0xFD48, 0xFD48, 0xFD48, 0xFD48, 0xFD48,
    0xFD48, 0xFD48, 0xFD48, 0xFD48, 0xFD48, 0xFD48, 0xFD48, 0xFD48, 0xFD48, 0xFD48, 0xFD48, 0xFD48,
    0xFD48, 0xFD48, 0xFD48, 0xFD48, 0xFD48, 0xFD48, 0x38E7, 0x38E7, 0x38E7, 0xF81F, 0xF81F, 0xF81F,
    0xF81F, 0xF81F, 0xF81F, 0x38E7, 0x38E7, 0x38E7, 0x38E7, 0x38E7, 0x38E7, 0xF81F, 0xF81F, 0xF81F,
    0xF81F, 0xF81F, 0xF81F, 0x38E7, 0x38E7, 0x38E7, 0xFD48, 0xFD48, 0xFD48, 0xFD48, 0xFD48, 0xFD48,
    0x38E7, 0x38E7, 0x38E7,
    0xF81F, 0xF81F, 0xF81F, 0xF81F, 0xF81F, 0xF81F, 0xF81F, 0xF81F, 0xF81F, 0xF81F, 0xF81F, 0xF81F,
    0xF81F, 0xF81F, 0xF81F, 0x38E7, 0x38E7, 0x38E7, 0xFD48, 0xFD48, 0xFD48, 0xFD48, 0xFD48, 0xFD48,
    0xFD48, 0xFD48, 0xFD48, 0xFD48, 0xFD48, 0xFD48, 0xFD48, 0xFD48, 0xFD48, 0xFD48, 0xFD48, 0xFD48,
    0xFD48, 0xFD48, 0xFD48, 0xFD48, 0xFD48, 0xFD48, 0xFD48, 0xFD48, 0xFD48, 0xFF79, 0xFF79, 0xFF79,
    0xFF79, 0xFF79, 0xFF79, 0xFF79, 0xFF79, 0xFF79, 0xFF79, 0xFF79, 0xFF79, 0x38E7, 0x38E7, 0x38E7,
    0x38E7, 0x38E7, 0x38E7, 0xFF79, 0xFF79, 0xFF79, 0xFF79, 0xFF79, 0xFF79, 0x38E7, 0x38E7, 0x38E7,
    0x38E7, 0x38E7, 0x38E7, 0xFF79, 0xFF79, 0xFF79, 0xFF79, 0xFF79, 0xFF79, 0xFF79, 0xFF79, 0xFF79,
    0xFF79, 0xFF79, 0xFF79, 0xFD48, 0xFD48, 0xFD48, 0xFD48, 0xFD48, 0xFD48, 0xFD48, 0xFD48, 0xFD48,
    0xFD48, 0xFD48, 0xFD48, 0xFD48, 0xFD48, 0xFD48, 0xFD48, 0xFD48, 0xFD48, 0xFD48, 0xFD48, 0xFD48,
    0xFD48, 0xFD48, 0xFD48, 0xFD48, 0xFD48, 0xFD48, 0x38E7, 0x38E7, 0x38E7, 0xF81F, 0xF81F, 0xF81F,
    0xF81F, 0xF81F, 0xF81F, 0xF81F, 0xF81F, 0xF81F, 0xF81F, 0xF81F, 0xF81F, 0xF81F, 0xF81F, 0xF81F,
    0xF81F, 0xF81F, 0xF81F, 0x38E7, 0x38E7, 0x38E7, 0xDB44, 0xDB44, 0xDB44, 0xFD48, 0xFD48, 0xFD48,
    0x38E7, 0x38E7, 0x38E7,
    0xF81F, 0xF81F, 0xF81F, 0xF81F, 0xF81F, 0xF81F, 0xF81F, 0xF81F, 0xF81F, 0xF81F, 0xF81F, 0xF81F,
    0xF81F, 0xF81F, 0xF81F, 0x38E7, 0x38E7, 0x38E7, 0xFD48, 0xFD48, 0xFD48, 0xFD48, 0xFD48, 0xFD48,
    0xFD48, 0xFD48, 0xFD48, 0xFD48, 0xFD48, 0xFD48, 0xFD48, 0xFD48, 0xFD48, 0xFD48, 0xFD48, 0xFD48,
    0xFD48, 0xFD48, 0xFD48, 0xFD48, 0xFD48, 0xFD48, 0xFD48, 0xFD48, 0xFD48, 0xFF79, 0xFF79, 0xFF79,
    0xFF79, 0xFF79, 0xFF79, 0xFF79, 0xFF79, 0xFF79, 0xFF79, 0xFF79, 0xFF79, 0x38E7, 0x38E7, 0x38E7,
    0x38E7, 0x38E7, 0x38E7, 0xFF79, 0xFF79, 0xFF79, 0xFF79, 0xFF79, 0xFF79, 0x38E7, 0x38E7, 0x38E7,
    0x38E7, 0x38E7, 0x38E7, 0xFF79, 0xFF79, 0xFF79, 0xFF79, 0xFF79, 0xFF79, 0xFF79, 0xFF79, 0xFF79,
    0xFF79, 0xFF79, 0xFF79, 0xFD48, 0xFD48, 0xFD48, 0xFD48, 0xFD48, 0xFD48, 0xFD48, 0xFD48, 0xFD48,
    0xFD48, 0xFD48, 0xFD48, 0xFD48, 0xFD48, 0xFD48, 0xFD48, 0xFD48, 0xFD48, 0xFD48, 0xFD48, 0xFD48,
    0xFD48, 0xFD48, 0xFD48, 0xFD48, 0xFD48, 0xFD48, 0x38E7, 0x38E7, 0x38E7, 0xF81F, 0xF81F, 0xF81F,
    0xF81F, 0xF81F, 0xF81F, 0xF81F, 0xF81F, 0xF81F, 0xF81F, 0xF81F, 0xF81F, 0xF81F, 0xF81F, 0xF81F,
    0xF81F, 0xF81F, 0xF81F, 0x38E7, 0x38E7, 0x38E7, 0xDB44, 0xDB44, 0xDB44, 0xFD48, 0xFD48, 0xFD48,
    0x38E7, 0x38E7, 0x38E7,
    0xF81F, 0xF81F, 0xF81F, 0xF81F, 0xF81F, 0xF81F, 0xF81F, 0xF81F, 0xF81F, 0xF81F, 0xF81F, 0xF81F,
    0xF81F, 0xF81F, 0xF81F, 0x38E7, 0x38E7, 0x38E7, 0xFD48, 0xFD48, 0xFD48, 0xFD48, 0xFD48, 0xFD48,
    0xFD48, 0xFD48, 0xFD48, 0xFD48, 0xFD48, 0xFD48, 0xFD48, 0xFD48, 0xFD48, 0xFD48, 0xFD48, 0xFD48,
    0xFD48, 0xFD48, 0xFD48, 0xFD48, 0xFD48, 0xFD48, 0xFD48, 0xFD48, 0xFD48, 0xFF79, 0xFF79, 0xFF79,
    0xFF79, 0xFF79, 0xFF79, 0xFF79, 0xFF79, 0xFF79, 0xFF79, 0xFF79, 0xFF79, 0x38E7, 0x38E7, 0x38E7,
    0x38E7, 0x38E7, 0x38E7, 0xFF79, 0xFF79, 0xFF79, 0xFF79, 0xFF79, 0xFF79, 0x38E7, 0x38E7, 0x38E7,
    0x38E7, 0x38E7, 0x38E7, 0xFF79, 0xFF79, 0xFF79, 0xFF79, 0xFF79, 0xFF79, 0xFF79, 0xFF79, 0xFF79,
    0xFF79, 0xFF79, 0xFF79, 0xFD48, 0xFD48, 0xFD48, 0xFD48, 0xFD48, 0xFD48, 0xFD48, 0xFD48, 0xFD48,
    0xFD48, 0xFD48, 0xFD48, 0xFD48, 0xFD48, 0xFD48, 0xFD48, 0xFD48, 0xFD48, 0xFD48, 0xFD48, 0xFD48,
    0xFD48, 0xFD48, 0xFD48, 0xFD48, 0xFD48, 0xFD48, 0x38E7, 0x38E7, 0x38E7, 0xF81F, 0xF81F, 0xF81F,
    0xF81F, 0xF81F, 0xF81F, 0xF81F, 0xF81F, 0xF81F, 0xF81F, 0xF81F, 0xF81F, 0xF81F, 0xF81F, 0xF81F,
    0xF81F, 0xF81F, 0xF81F, 0x38E7, 0x38E7, 0x38E7, 0xDB44, 0xDB44, 0xDB44, 0xFD48, 0xFD48, 0xFD48,
    0x38E7, 0x38E7, 0x38E7,
    0xF81F, 0xF81F, 0xF81F, 0xF81F, 0xF81F, 0xF81F, 0xF81F, 0xF81F, 0xF81F, 0xF81F, 0xF81F, 0xF81F,
    0xF81F, 0xF81F, 0xF81F, 0x38E7, 0x38E7, 0x38E7, 0xFD48, 0xFD48, 0xFD48, 0xFD48, 0xFD48, 0xFD48,
    0xFD48, 0xFD48, 0xFD48, 0xFD48, 0xFD48, 0xFD48, 0xFD48, 0xFD48, 0xFD48, 0xFD48, 0xFD48, 0xFD48,
    0xFD48, 0xFD48, 0xFD48, 0xFD48, 0xFD48, 0xFD48, 0xFD48, 0xFD48, 0xFD48, 0xFD48, 0xFD48, 0xFD48,
    0xFD48, 0xFD48, 0xFD48, 0xFF79, 0xFF79, 0xFF79, 0xFF79, 0xFF79, 0xFF79, 0xFF79, 0xFF79, 0xFF79,
    0xFF79, 0xFF79, 0xFF79, 0xFF79, 0xFF79, 0xFF79, 0xFF79, 0xFF79, 0xFF79, 0xFF79, 0xFF79, 0xFF79,
    0xFF79, 0xFF79, 0xFF79, 0xFF79, 0xFF79, 0xFF79, 0xFF79, 0xFF79, 0xFF79, 0xFD48, 0xFD48, 0xFD48,
    0xFD48, 0xFD48, 0xFD48, 0xFD48, 0xFD48, 0xFD48, 0xFD48, 0xFD48, 0xFD48, 0xFD48, 0xFD48, 0xFD48,
    0xFD48, 0xFD48, 0xFD48, 0xFD48, 0xFD48, 0xFD48, 0xFD48, 0xFD48, 0xFD48, 0xFD48, 0xFD48, 0xFD48,
    0xFD48, 0xFD48, 0xFD48, 0xFD48, 0xFD48, 0xFD48, 0x38E7, 0x38E7, 0x38E7, 0xF81F, 0xF81F, 0xF81F,
    0xF81F, 0xF81F, 0xF81F, 0xF81F, 0xF81F, 0xF81F, 0xF81F, 0xF81F, 0xF81F, 0xF81F, 0xF81F, 0xF81F,
    0xF81F, 0xF81F, 0xF81F, 0x38E7, 0x38E7, 0x38E7, 0xFD48, 0xFD48, 0xFD48, 0xFD48, 0xFD48, 0xFD48,
    0x38E7, 0x38E7, 0x38E7,
    0xF81F, 0xF81F, 0xF81F, 0xF81F, 0xF81F, 0xF81F, 0xF81F, 0xF81F, 0xF81F, 0xF81F, 0xF81F, 0xF81F,
    0xF81F, 0xF81F, 0xF81F, 0x38E7, 0x38E7, 0x38E7, 0xFD48, 0xFD48, 0xFD48, 0xFD48, 0xFD48, 0xFD48,
    0xFD48, 0xFD48, 0xFD48, 0xFD48, 0xFD48, 0xFD48, 0xFD48, 0xFD48, 0xFD48, 0xFD48, 0xFD48, 0xFD48,
    0xFD48, 0xFD48, 0xFD48, 0xFD48, 0xFD48, 0xFD48, 0xFD48, 0xFD48, 0xFD48, 0xFD48, 0xFD48, 0xFD48,
    0xFD48, 0xFD48, 0xFD48, 0xFF79, 0xFF79, 0xFF79, 0xFF79, 0xFF79, 0xFF79, 0xFF79, 0xFF79, 0xFF79,
    0xFF79, 0xFF79, 0xFF79, 0xFF79, 0xFF79, 0xFF79, 0xFF79, 0xFF79, 0xFF79, 0xFF79, 0xFF79, 0xFF79,
    0xFF79, 0xFF79, 0xFF79, 0xFF79, 0xFF79, 0xFF79, 0xFF79, 0xFF79, 0xFF79, 0xFD48, 0xFD48, 0xFD48,
    0xFD48, 0xFD48, 0xFD48, 0xFD48, 0xFD48, 0xFD48, 0xFD48, 0xFD48, 0xFD48, 0xFD48, 0xFD48, 0xFD48,
    0xFD48, 0xFD48, 0xFD48, 0xFD48, 0xFD48, 0xFD48, 0xFD48, 0xFD48, 0xFD48, 0xFD48, 0xFD48, 0xFD48,
    0xFD48, 0xFD48, 0xFD48, 0xFD48, 0xFD48, 0xFD48, 0x38E7, 0x38E7, 0x38E7, 0xF81F, 0xF81F, 0xF81F,
    0xF81F, 0xF81F, 0xF81F, 0xF81F, 0xF81F, 0xF81F, 0xF81F, 0xF81F, 0xF81F, 0xF81F, 0xF81F, 0xF81F,
    0xF81F, 0xF81F, 0xF81F, 0x38E7, 0x38E7, 0x38E7, 0xFD48, 0xFD48, 0xFD48, 0xFD48, 0xFD48, 0xFD48,
    0x38E7, 0x38E7, 0x38E7,
    0xF81F, 0xF81F, 0xF81F, 0xF81F, 0xF81F, 0xF81F, 0xF81F, 0xF81F, 0xF81F, 0xF81F, 0xF81F, 0xF81F,
    0xF81F, 0xF81F, 0xF81F, 0x38E7, 0x38E7, 0x38E7, 0xFD48, 0xFD48, 0xFD48, 0xFD48, 0xFD48, 0xFD48,
    0xFD48, 0xFD48, 0xFD48, 0xFD48, 0xFD48, 0xFD48, 0xFD48, 0xFD48, 0xFD48, 0xFD48, 0xFD48, 0xFD48,
    0xFD48, 0xFD48, 0xFD48, 0xFD48, 0xFD48, 0xFD48, 0xFD48, 0xFD48, 0xFD48, 0xFD48, 0xFD48, 0xFD48,
    0xFD48, 0xFD48, 0xFD48, 0xFF79, 0xFF79, 0xFF79, 0xFF79, 0xFF79, 0xFF79, 0xFF79, 0xFF79, 0xFF79,
    0xFF79, 0xFF79, 0xFF79, 0xFF79, 0xFF79, 0xFF79, 0xFF79, 0xFF79, 0xFF79, 0xFF79, 0xFF79, 0xFF79,
    0xFF79, 0xFF79, 0xFF79, 0xFF79, 0xFF79, 0xFF79, 0xFF79, 0xFF79, 0xFF79, 0xFD48, 0xFD48, 0xFD48,
    0xFD48, 0xFD48, 0xFD48, 0xFD48, 0xFD48, 0xFD48, 0xFD48, 0xFD48, 0xFD48, 0xFD48, 0xFD48, 0xFD48,
    0xFD48, 0xFD48, 0xFD48, 0xFD48, 0xFD48, 0xFD48, 0xFD48, 0xFD48, 0xFD48, 0xFD48, 0xFD48, 0xFD48,
    0xFD48, 0xFD48, 0xFD48, 0xFD48, 0xFD48, 0xFD48, 0x38E7, 0x38E7, 0x38E7, 0xF81F, 0xF81F, 0xF81F,
    0xF81F, 0xF81F, 0xF81F, 0xF81F, 0xF81F, 0xF81F, 0xF81F, 0xF81F, 0xF81F, 0xF81F, 0xF81F, 0xF81F,
    0xF81F, 0xF81F, 0xF81F, 0x38E7, 0x38E7, 0x38E7, 0xFD48, 0xFD48, 0xFD48, 0xFD48, 0xFD48, 0xFD48,
    0x38E7, 0x38E7, 0x38E7,
    0xF81F, 0xF81F, 0xF81F, 0xF81F, 0xF81F, 0xF81F, 0xF81F, 0xF81F, 0xF81F, 0xF81F, 0xF81F, 0xF81F,
    0xF81F, 0xF81F, 0xF81F, 0x38E7, 0x38E7, 0x38E7, 0xFD48, 0xFD48, 0xFD48, 0xFD48, 0xFD48, 0xFD48,
    0xFD48, 0xFD48, 0xFD48, 0xFD48, 0xFD48, 0xFD48, 0xFD48, 0xFD48, 0xFD48, 0xFD48, 0xFD48, 0xFD48,
    0xFD48, 0xFD48, 0xFD48, 0xFD48, 0xFD48, 0xFD48, 0xFD48, 0xFD48, 0xFD48, 0xFD48, 0xFD48, 0xFD48,
    0xFD48, 0xFD48, 0xFD48, 0xFD48, 0xFD48, 0xFD48, 0xFD48, 0xFD48, 0xFD48, 0xFD48, 0xFD48, 0xFD48,
    0xFD48, 0xFD48, 0xFD48, 0xFD48, 0xFD48, 0xFD48, 0xFD48, 0xFD48, 0xFD48, 0xFD48, 0xFD48, 0xFD48,
    0xFD48, 0xFD48, 0xFD48, 0xFD48, 0xFD48, 0xFD48, 0xFD48, 0xFD48, 0xFD48, 0xFD48, 0xFD48, 0xFD48,
    0xFD48, 0xFD48, 0xFD48, 0xFD48, 0xFD48, 0xFD48, 0xFD48, 0xFD48, 0xFD48, 0xFD48, 0xFD48, 0xFD48,
    0xFD48, 0xFD48, 0xFD48, 0xFD48, 0xFD48, 0xFD48, 0xFD48, 0xFD48, 0xFD48, 0xFD48, 0xFD48, 0xFD48,
    0xFD48, 0xFD48, 0xFD48, 0xFD48, 0xFD48, 0xFD48, 0x38E7, 0x38E7, 0x38E7, 0xF81F, 0xF81F, 0xF81F,
    0xF81F, 0xF81F, 0xF81F, 0xF81F, 0xF81F, 0xF81F, 0xF81F, 0xF81F, 0xF81F, 0xF81F, 0xF81F, 0xF81F,
    0xF81F, 0xF81F, 0xF81F, 0x38E7, 0x38E7, 0x38E7, 0xFD48, 0xFD48, 0xFD48, 0xDB44, 0xDB44, 0xDB44,
    0x38E7, 0x38E7, 0x38E7,
    0xF81F, 0xF81F, 0xF81F, 0xF81F, 0xF81F, 0xF81F, 0xF81F, 0xF81F, 0xF81F, 0xF81F, 0xF81F, 0xF81F,
    0xF81F, 0xF81F, 0xF81F, 0x38E7, 0x38E7, 0x38E7, 0xFD48, 0xFD48, 0xFD48, 0xFD48, 0xFD48, 0xFD48,
    0xFD48, 0xFD48, 0xFD48, 0xFD48, 0xFD48, 0xFD48, 0xFD48, 0xFD48, 0xFD48, 0xFD48, 0xFD48, 0xFD48,
    0xFD48, 0xFD48, 0xFD48, 0xFD48, 0xFD48, 0xFD48, 0xFD48, 0xFD48, 0xFD48, 0xFD48, 0xFD48, 0xFD48,
    0xFD48, 0xFD48, 0xFD48, 0xFD48, 0xFD48, 0xFD48, 0xFD48, 0xFD48, 0xFD48, 0xFD48, 0xFD48, 0xFD48,
    0xFD48, 0xFD48, 0xFD48, 0xFD48, 0xFD48, 0xFD48, 0xFD48, 0xFD48, 0xFD48, 0xFD48, 0xFD48, 0xFD48,
    0xFD48, 0xFD48, 0xFD48, 0xFD48, 0xFD48, 0xFD48, 0xFD48, 0xFD48, 0xFD48, 0xFD48, 0xFD48, 0xFD48,
    0xFD48, 0xFD48, 0xFD48, 0xFD48, 0xFD48, 0xFD48, 0xFD48, 0xFD48, 0xFD48, 0xFD48, 0xFD48, 0xFD48,
    0xFD48, 0xFD48, 0xFD48, 0xFD48, 0xFD48, 0xFD48, 0xFD48, 0xFD48, 0xFD48, 0xFD48, 0xFD48, 0xFD48,
    0xFD48, 0xFD48, 0xFD48, 0xFD48, 0xFD48, 0xFD48, 0x38E7, 0x38E7, 0x38E7, 0xF81F, 0xF81F, 0xF81F,
    0xF81F, 0xF81F, 0xF81F, 0xF81F, 0xF81F, 0xF81F, 0xF81F, 0xF81F, 0xF81F, 0xF81F, 0xF81F, 0xF81F,
    0xF81F, 0xF81F, 0xF81F, 0x38E7, 0x38E7, 0x38E7, 0xFD48, 0xFD48, 0xFD48, 0xDB44, 0xDB44, 0xDB44,
    0x38E7, 0x38E7, 0x38E7,
    0xF81F, 0xF81F, 0xF81F, 0xF81F, 0xF81F, 0xF81F, 0xF81F, 0xF81F, 0xF81F, 0xF81F, 0xF81F, 0xF81F,
    0xF81F, 0xF81F, 0xF81F, 0x38E7, 0x38E7, 0x38E7, 0xFD48, 0xFD48, 0xFD48, 0xFD48, 0xFD48, 0xFD48,
    0xFD48, 0xFD48, 0xFD48, 0xFD48, 0xFD48, 0xFD48, 0xFD48, 0xFD48, 0xFD48, 0xFD48, 0xFD48, 0xFD48,
    0xFD48, 0xFD48, 0xFD48, 0xFD48, 0xFD48, 0xFD48, 0xFD48, 0xFD48, 0xFD48, 0xFD48, 0xFD48, 0xFD48,
    0xFD48, 0xFD48, 0xFD48, 0xFD48, 0xFD48, 0xFD48, 0xFD48, 0xFD48, 0xFD48, 0xFD48, 0xFD48, 0xFD48,
    0xFD48, 0xFD48, 0xFD48, 0xFD48, 0xFD48, 0xFD48, 0xFD48, 0xFD48, 0xFD48, 0xFD48, 0xFD48, 0xFD48,
    0xFD48, 0xFD48, 0xFD48, 0xFD48, 0xFD48, 0xFD48, 0xFD48, 0xFD48, 0xFD48, 0xFD48, 0xFD48, 0xFD48,
    0xFD48, 0xFD48, 0xFD48, 0xFD48, 0xFD48, 0xFD48, 0xFD48, 0xFD48, 0xFD48, 0xFD48, 0xFD48, 0xFD48,
    0xFD48, 0xFD48, 0xFD48, 0xFD48, 0xFD48, 0xFD48, 0xFD48, 0xFD48, 0xFD48, 0xFD48, 0xFD48, 0xFD48,
    0xFD48, 0xFD48, 0xFD48, 0xFD48, 0xFD48, 0xFD48, 0x38E7, 0x38E7, 0x38E7, 0xF81F, 0xF81F, 0xF81F,
    0xF81F, 0xF81F, 0xF81F, 0xF81F, 0xF81F, 0xF81F, 0xF81F, 0xF81F, 0xF81F, 0xF81F, 0xF81F, 0xF81F,
    0xF81F, 0xF81F, 0xF81F, 0x38E7, 0x38E7, 0x38E7, 0xFD48, 0xFD48, 0xFD48, 0xDB44, 0xDB44, 0xDB44,
    0x38E7, 0x38E7, 0x38E7,
    0xF81F, 0xF81F, 0xF81F, 0xF81F, 0xF81F, 0xF81F, 0xF81F, 0xF81F, 0xF81F, 0xF81F, 0xF81F, 0xF81F,
    0xF81F, 0xF81F, 0xF81F, 0x38E7, 0x38E7, 0x38E7, 0xDB44, 0xDB44, 0xDB44, 0xFD48, 0xFD48, 0xFD48,
    0xFD48, 0xFD48, 0xFD48, 0xFD48, 0xFD48, 0xFD48, 0xFD48, 0xFD48, 0xFD48, 0xFD48, 0xFD48, 0xFD48,
    0xFD48, 0xFD48, 0xFD48, 0xFD48, 0xFD48, 0xFD48, 0xFD48, 0xFD48, 0xFD48, 0xFD48, 0xFD48, 0xFD48,
    0xFD48, 0xFD48, 0xFD48, 0xFF79, 0xFF79, 0xFF79, 0xFF79, 0xFF79, 0xFF79, 0xFF79, 0xFF79, 0xFF79,
    0xFF79, 0xFF79, 0xFF79, 0xFF79, 0xFF79, 0xFF79, 0xFF79, 0xFF79, 0xFF79, 0xFF79, 0xFF79, 0xFF79,
    0xFF79, 0xFF79, 0xFF79, 0xFF79, 0xFF79, 0xFF79, 0xFF79, 0xFF79, 0xFF79, 0xFD48, 0xFD48, 0xFD48,
    0xFD48, 0xFD48, 0xFD48, 0xFD48, 0xFD48, 0xFD48, 0xFD48, 0xFD48, 0xFD48, 0xFD48, 0xFD48, 0xFD48,
    0xFD48, 0xFD48, 0xFD48, 0xFD48, 0xFD48, 0xFD48, 0xFD48, 0xFD48, 0xFD48, 0xFD48, 0xFD48, 0xFD48,
    0xFD48, 0xFD48, 0xFD48, 0xDB44, 0xDB44, 0xDB44, 0x38E7, 0x38E7, 0x38E7, 0xF81F, 0xF81F, 0xF81F,
    0xF81F, 0xF81F, 0xF81F, 0xF81F, 0xF81F, 0xF81F, 0xF81F, 0xF81F, 0xF81F, 0xF81F, 0xF81F, 0xF81F,
    0xF81F, 0xF81F, 0xF81F, 0x38E7, 0x38E7, 0x38E7, 0xFD48, 0xFD48, 0xFD48, 0xFD48, 0xFD48, 0xFD48,
    0x38E7, 0x38E7, 0x38E7,
    0xF81F, 0xF81F, 0xF81F, 0xF81F, 0xF81F, 0xF81F, 0xF81F, 0xF81F, 0xF81F, 0xF81F, 0xF81F, 0xF81F,
    0xF81F, 0xF81F, 0xF81F, 0x38E7, 0x38E7, 0x38E7, 0xDB44, 0xDB44, 0xDB44, 0xFD48, 0xFD48, 0xFD48,
    0xFD48, 0xFD48, 0xFD48, 0xFD48, 0xFD48, 0xFD48, 0xFD48, 0xFD48, 0xFD48, 0xFD48, 0xFD48, 0xFD48,
    0xFD48, 0xFD48, 0xFD48, 0xFD48, 0xFD48, 0xFD48, 0xFD48, 0xFD48, 0xFD48, 0xFD48, 0xFD48, 0xFD48,
    0xFD48, 0xFD48, 0xFD48, 0xFF79, 0xFF79, 0xFF79, 0xFF79, 0xFF79, 0xFF79, 0xFF79, 0xFF79, 0xFF79,
    0xFF79, 0xFF79, 0xFF79, 0xFF79, 0xFF79, 0xFF79, 0xFF79, 0xFF79, 0xFF79, 0xFF79, 0xFF79, 0xFF79,
    0xFF79, 0xFF79, 0xFF79, 0xFF79, 0xFF79, 0xFF79, 0xFF79, 0xFF79, 0xFF79, 0xFD48, 0xFD48, 0xFD48,
    0xFD48, 0xFD48, 0xFD48, 0xFD48, 0xFD48, 0xFD48, 0xFD48, 0xFD48, 0xFD48, 0xFD48, 0xFD48, 0xFD48,
    0xFD48, 0xFD48, 0xFD48, 0xFD48, 0xFD48, 0xFD48, 0xFD48, 0xFD48, 0xFD48, 0xFD48, 0xFD48, 0xFD48,
    0xFD48, 0xFD48, 0xFD48, 0xDB44, 0xDB44, 0xDB44, 0x38E7, 0x38E7, 0x38E7, 0xF81F, 0xF81F, 0xF81F,
    0xF81F, 0xF81F, 0xF81F, 0xF81F, 0xF81F, 0xF81F, 0xF81F, 0xF81F, 0xF81F, 0xF81F, 0xF81F, 0xF81F,
    0xF81F, 0xF81F, 0xF81F, 0x38E7, 0x38E7, 0x38E7, 0xFD48, 0xFD48, 0xFD48, 0xFD48, 0xFD48, 0xFD48,
    0x38E7, 0x38E7, 0x38E7,
    0xF81F, 0xF81F, 0xF81F, 0xF81F, 0xF81F, 0xF81F, 0xF81F, 0xF81F, 0xF81F, 0xF81F, 0xF81F, 0xF81F,
    0xF81F, 0xF81F, 0xF81F, 0x38E7, 0x38E7, 0x38E7, 0xDB44, 0xDB44, 0xDB44, 0xFD48, 0xFD48, 0xFD48,
    0xFD48, 0xFD48, 0xFD48, 0xFD48, 0xFD48, 0xFD48, 0xFD48, 0xFD48, 0xFD48, 0xFD48, 0xFD48, 0xFD48,
    0xFD48, 0xFD48, 0xFD48, 0xFD48, 0xFD48, 0xFD48, 0xFD48, 0xFD48, 0xFD48, 0xFD48, 0xFD48, 0xFD48,
    0xFD48, 0xFD48, 0xFD48, 0xFF79, 0xFF79, 0xFF79, 0xFF79, 0xFF79, 0xFF79, 0xFF79, 0xFF79, 0xFF79,
    0xFF79, 0xFF79, 0xFF79, 0xFF79, 0xFF79, 0xFF79, 0xFF79, 0xFF79, 0xFF79, 0xFF79, 0xFF79, 0xFF79,
    0xFF79, 0xFF79, 0xFF79, 0xFF79, 0xFF79, 0xFF79, 0xFF79, 0xFF79, 0xFF79, 0xFD48, 0xFD48, 0xFD48,
    0xFD48, 0xFD48, 0xFD48, 0xFD48, 0xFD48, 0xFD48, 0xFD48, 0xFD48, 0xFD48, 0xFD48, 0xFD48, 0xFD48,
    0xFD48, 0xFD48, 0xFD48, 0xFD48, 0xFD48, 0xFD48, 0xFD48, 0xFD48, 0xFD48, 0xFD48, 0xFD48, 0xFD48,
    0xFD48, 0xFD48, 0xFD48, 0xDB44, 0xDB44, 0xDB44, 0x38E7, 0x38E7, 0x38E7, 0xF81F, 0xF81F, 0xF81F,
    0xF81F, 0xF81F, 0xF81F, 0xF81F, 0xF81F, 0xF81F, 0xF81F, 0xF81F, 0xF81F, 0xF81F, 0xF81F, 0xF81F,
    0xF81F, 0xF81F, 0xF81F, 0x38E7, 0x38E7, 0x38E7, 0xFD48, 0xFD48, 0xFD48, 0xFD48, 0xFD48, 0xFD48,
    0x38E7, 0x38E7, 0x38E7,
    0xF81F, 0xF81F, 0xF81F, 0xF81F, 0xF81F, 0xF81F, 0xF81F, 0xF81F, 0xF81F, 0xF81F, 0xF81F, 0xF81F,
    0xF81F, 0xF81F, 0xF81F, 0x38E7, 0x38E7, 0x38E7, 0xDB44, 0xDB44, 0xDB44, 0xDB44, 0xDB44, 0xDB44,
    0xFD48, 0xFD48, 0xFD48, 0xFD48, 0xFD48, 0xFD48, 0xFD48, 0xFD48, 0xFD48, 0xFD48, 0xFD48, 0xFD48,
    0xFD48, 0xFD48, 0xFD48, 0xFD48, 0xFD48, 0xFD48, 0xFD48, 0xFD48, 0xFD48, 0xFF79, 0xFF79, 0xFF79,
    0xFF79, 0xFF79, 0xFF79, 0xFF79, 0xFF79, 0xFF79, 0xFF79, 0xFF79, 0xFF79, 0xFF79, 0xFF79, 0xFF79,
    0xFF79, 0xFF79, 0xFF79, 0xFF79, 0xFF79, 0xFF79, 0xFF79, 0xFF79, 0xFF79, 0xFF79, 0xFF79, 0xFF79,
    0xFF79, 0xFF79, 0xFF79, 0xFF79, 0xFF79, 0xFF79, 0xFF79, 0xFF79, 0xFF79, 0xFF79, 0xFF79, 0xFF79,
    0xFF79, 0xFF79, 0xFF79, 0xFD48, 0xFD48, 0xFD48, 0xFD48, 0xFD48, 0xFD48, 0xFD48, 0xFD48, 0xFD48,
    0xFD48, 0xFD48, 0xFD48, 0xFD48, 0xFD48, 0xFD48, 0xFD48, 0xFD48, 0xFD48, 0xFD48, 0xFD48, 0xFD48,
    0xDB44, 0xDB44, 0xDB44, 0xDB44, 0xDB44, 0xDB44, 0x38E7, 0x38E7, 0x38E7, 0xF81F, 0xF81F, 0xF81F,
    0xF81F, 0xF81F, 0xF81F, 0xF81F, 0xF81F, 0xF81F, 0xF81F, 0xF81F, 0xF81F, 0xF81F, 0xF81F, 0xF81F,
    0x38E7, 0x38E7, 0x38E7, 0xFD48, 0xFD48, 0xFD48, 0xDB44, 0xDB44, 0xDB44, 0xFD48, 0xFD48, 0xFD48,
    0x38E7, 0x38E7, 0x38E7,
    0xF81F, 0xF81F, 0xF81F, 0xF81F, 0xF81F, 0xF81F, 0xF81F, 0xF81F, 0xF81F, 0xF81F, 0xF81F, 0xF81F,
    0xF81F, 0xF81F, 0xF81F, 0x38E7, 0x38E7, 0x38E7, 0xDB44, 0xDB44, 0xDB44, 0xDB44, 0xDB44, 0xDB44,
    0xFD48, 0xFD48, 0xFD48, 0xFD48, 0xFD48, 0xFD48, 0xFD48, 0xFD48, 0xFD48, 0xFD48, 0xFD48, 0xFD48,
    0xFD48, 0xFD48, 0xFD48, 0xFD48, 0xFD48, 0xFD48, 0xFD48, 0xFD48, 0xFD48, 0xFF79, 0xFF79, 0xFF79,
    0xFF79, 0xFF79, 0xFF79, 0xFF79, 0xFF79, 0xFF79, 0xFF79, 0xFF79, 0xFF79, 0xFF79, 0xFF79, 0xFF79,
    0xFF79, 0xFF79, 0xFF79, 0xFF79, 0xFF79, 0xFF79, 0xFF79, 0xFF79, 0xFF79, 0xFF79, 0xFF79, 0xFF79,
    0xFF79, 0xFF79, 0xFF79, 0xFF79, 0xFF79, 0xFF79, 0xFF79, 0xFF79, 0xFF79, 0xFF79, 0xFF79, 0xFF79,
    0xFF79, 0xFF79, 0xFF79, 0xFD48, 0xFD48, 0xFD48, 0xFD48, 0xFD48, 0xFD48, 0xFD48, 0xFD48, 0xFD48,
    0xFD48, 0xFD48, 0xFD48, 0xFD48, 0xFD48, 0xFD48, 0xFD48, 0xFD48, 0xFD48, 0xFD48, 0xFD48, 0xFD48,
    0xDB44, 0xDB44, 0xDB44, 0xDB44, 0xDB44, 0xDB44, 0x38E7, 0x38E7, 0x38E7, 0xF81F, 0xF81F, 0xF81F,
    0xF81F, 0xF81F, 0xF81F, 0xF81F, 0xF81F, 0xF81F, 0xF81F, 0xF81F, 0xF81F, 0xF81F, 0xF81F, 0xF81F,
    0x38E7, 0x38E7, 0x38E7, 0xFD48, 0xFD48, 0xFD48, 0xDB44, 0xDB44, 0xDB44, 0xFD48, 0xFD48, 0xFD48,
    0x38E7, 0x38E7, 0x38E7,
    0xF81F, 0xF81F, 0xF81F, 0xF81F, 0xF81F, 0xF81F, 0xF81F, 0xF81F, 0xF81F, 0xF81F, 0xF81F, 0xF81F,
    0xF81F, 0xF81F, 0xF81F, 0x38E7, 0x38E7, 0x38E7, 0xDB44, 0xDB44, 0xDB44, 0xDB44, 0xDB44, 0xDB44,
    0xFD48, 0xFD48, 0xFD48, 0xFD48, 0xFD48, 0xFD48, 0xFD48, 0xFD48, 0xFD48, 0xFD48, 0xFD48, 0xFD48,
    0xFD48, 0xFD48, 0xFD48, 0xFD48, 0xFD48, 0xFD48, 0xFD48, 0xFD48, 0xFD48, 0xFF79, 0xFF79, 0xFF79,
    0xFF79, 0xFF79, 0xFF79, 0xFF79, 0xFF79, 0xFF79, 0xFF79, 0xFF79, 0xFF79, 0xFF79, 0xFF79, 0xFF79,
    0xFF79, 0xFF79, 0xFF79, 0xFF79, 0xFF79, 0xFF79, 0xFF79, 0xFF79, 0xFF79, 0xFF79, 0xFF79, 0xFF79,
    0xFF79, 0xFF79, 0xFF79, 0xFF79, 0xFF79, 0xFF79, 0xFF79, 0xFF79, 0xFF79, 0xFF79, 0xFF79, 0xFF79,
    0xFF79, 0xFF79, 0xFF79, 0xFD48, 0xFD48, 0xFD48, 0xFD48, 0xFD48, 0xFD48, 0xFD48, 0xFD48, 0xFD48,
    0xFD48, 0xFD48, 0xFD48, 0xFD48, 0xFD48, 0xFD48, 0xFD48, 0xFD48, 0xFD48, 0xFD48, 0xFD48, 0xFD48,
    0xDB44, 0xDB44, 0xDB44, 0xDB44, 0xDB44, 0xDB44, 0x38E7, 0x38E7, 0x38E7, 0xF81F, 0xF81F, 0xF81F,
    0xF81F, 0xF81F, 0xF81F, 0xF81F, 0xF81F, 0xF81F, 0xF81F, 0xF81F, 0xF81F, 0xF81F, 0xF81F, 0xF81F,
    0x38E7, 0x38E7, 0x38E7, 0xFD48, 0xFD48, 0xFD48, 0xDB44, 0xDB44, 0xDB44, 0xFD48, 0xFD48, 0xFD48,
    0x38E7, 0x38E7, 0x38E7,
    0xF81F, 0xF81F, 0xF81F, 0xF81F, 0xF81F, 0xF81F, 0xF81F, 0xF81F, 0xF81F, 0xF81F, 0xF81F, 0xF81F,
    0xF81F, 0xF81F, 0xF81F, 0x38E7, 0x38E7, 0x38E7, 0xDB44, 0xDB44, 0xDB44, 0xFD48, 0xFD48, 0xFD48,
    0xFD48, 0xFD48, 0xFD48, 0xFD48, 0xFD48, 0xFD48, 0xFD48, 0xFD48, 0xFD48, 0xFD48, 0xFD48, 0xFD48,
    0xFD48, 0xFD48, 0xFD48, 0xFD48, 0xFD48, 0xFD48, 0xFD48, 0xFD48, 0xFD48, 0xFF79, 0xFF79, 0xFF79,
    0xFF79, 0xFF79, 0xFF79, 0xFF79, 0xFF79, 0xFF79, 0xFF79, 0xFF79, 0xFF79, 0xFF79, 0xFF79, 0xFF79,
    0xFF79, 0xFF79, 0xFF79, 0xFF79, 0xFF79, 0xFF79, 0xFF79, 0xFF79, 0xFF79, 0xFF79, 0xFF79, 0xFF79,
    0xFF79, 0xFF79, 0xFF79, 0xFF79, 0xFF79, 0xFF79, 0xFF79, 0xFF79, 0xFF79, 0xFF79, 0xFF79, 0xFF79,
    0xFF79, 0xFF79, 0xFF79, 0xFD48, 0xFD48, 0xFD48, 0xFD48, 0xFD48, 0xFD48, 0xFD48, 0xFD48, 0xFD48,
    0xFD48, 0xFD48, 0xFD48, 0xFD48, 0xFD48, 0xFD48, 0xFD48, 0xFD48, 0xFD48, 0xFD48, 0xFD48, 0xFD48,
    0xFD48, 0xFD48, 0xFD48, 0xDB44, 0xDB44, 0xDB44, 0x38E7, 0x38E7, 0x38E7, 0xF81F, 0xF81F, 0xF81F,
    0xF81F, 0xF81F, 0xF81F, 0xF81F, 0xF81F, 0xF81F, 0xF81F, 0xF81F, 0xF81F, 0x38E7, 0x38E7, 0x38E7,
    0xFD48, 0xFD48, 0xFD48, 0xFD48, 0xFD48, 0xFD48, 0xFD48, 0xFD48, 0xFD48, 0x38E7, 0x38E7, 0x38E7,
    0xF81F, 0xF81F, 0xF81F,
    0xF81F, 0xF81F, 0xF81F, 0xF81F, 0xF81F, 0xF81F, 0xF81F, 0xF81F, 0xF81F, 0xF81F, 0xF81F, 0xF81F,
    0xF81F, 0xF81F, 0xF81F, 0x38E7, 0x38E7, 0x38E7, 0xDB44, 0xDB44, 0xDB44, 0xFD48, 0xFD48, 0xFD48,
    0xFD48, 0xFD48, 0xFD48, 0xFD48, 0xFD48, 0xFD48, 0xFD48, 0xFD48, 0xFD48, 0xFD48, 0xFD48, 0xFD48,
    0xFD48, 0xFD48, 0xFD48, 0xFD48, 0xFD48, 0xFD48, 0xFD48, 0xFD48, 0xFD48, 0xFF79, 0xFF79, 0xFF79,
    0xFF79, 0xFF79, 0xFF79, 0xFF79, 0xFF79, 0xFF79, 0xFF79, 0xFF79, 0xFF79, 0xFF79, 0xFF79, 0xFF79,
    0xFF79, 0xFF79, 0xFF79, 0xFF79, 0xFF79, 0xFF79, 0xFF79, 0xFF79, 0xFF79, 0xFF79, 0xFF79, 0xFF79,
    0xFF79, 0xFF79, 0xFF79, 0xFF79, 0xFF79, 0xFF79, 0xFF79, 0xFF79, 0xFF79, 0xFF79, 0xFF79, 0xFF79,
    0xFF79, 0xFF79, 0xFF79, 0xFD48, 0xFD48, 0xFD48, 0xFD48, 0xFD48, 0xFD48, 0xFD48, 0xFD48, 0xFD48,
    0xFD48, 0xFD48, 0xFD48, 0xFD48, 0xFD48, 0xFD48, 0xFD48, 0xFD48, 0xFD48, 0xFD48, 0xFD48, 0xFD48,
    0xFD48, 0xFD48, 0xFD48, 0xDB44, 0xDB44, 0xDB44, 0x38E7, 0x38E7, 0x38E7, 0xF81F, 0xF81F, 0xF81F,
    0xF81F, 0xF81F, 0xF81F, 0xF81F, 0xF81F, 0xF81F, 0xF81F, 0xF81F, 0xF81F, 0x38E7, 0x38E7, 0x38E7,
    0xFD48, 0xFD48, 0xFD48, 0xFD48, 0xFD48, 0xFD48, 0xFD48, 0xFD48, 0xFD48, 0x38E7, 0x38E7, 0x38E7,
    0xF81F, 0xF81F, 0xF81F,
    0xF81F, 0xF81F, 0xF81F, 0xF81F, 0xF81F, 0xF81F, 0xF81F, 0xF81F, 0xF81F, 0xF81F, 0xF81F, 0xF81F,
    0xF81F, 0xF81F, 0xF81F, 0x38E7, 0x38E7, 0x38E7, 0xDB44, 0xDB44, 0xDB44, 0xFD48, 0xFD48, 0xFD48,
    0xFD48, 0xFD48, 0xFD48, 0xFD48, 0xFD48, 0xFD48, 0xFD48, 0xFD48, 0xFD48, 0xFD48, 0xFD48, 0xFD48,
    0xFD48, 0xFD48, 0xFD48, 0xFD48, 0xFD48, 0xFD48, 0xFD48, 0xFD48, 0xFD48, 0xFF79, 0xFF79, 0xFF79,
    0xFF79, 0xFF79, 0xFF79, 0xFF79, 0xFF79, 0xFF79, 0xFF79, 0xFF79, 0xFF79, 0xFF79, 0xFF79, 0xFF79,
    0xFF79, 0xFF79, 0xFF79, 0xFF79, 0xFF79, 0xFF79, 0xFF79, 0xFF79, 0xFF79, 0xFF79, 0xFF79, 0xFF79,
    0xFF79, 0xFF79, 0xFF79, 0xFF79, 0xFF79, 0xFF79, 0xFF79, 0xFF79, 0xFF79, 0xFF79, 0xFF79, 0xFF79,
    0xFF79, 0xFF79, 0xFF79, 0xFD48, 0xFD48, 0xFD48, 0xFD48, 0xFD48, 0xFD48, 0xFD48, 0xFD48, 0xFD48,
    0xFD48, 0xFD48, 0xFD48, 0xFD48, 0xFD48, 0xFD48, 0xFD48, 0xFD48, 0xFD48, 0xFD48, 0xFD48, 0xFD48,
    0xFD48, 0xFD48, 0xFD48, 0xDB44, 0xDB44, 0xDB44, 0x38E7, 0x38E7, 0x38E7, 0xF81F, 0xF81F, 0xF81F,
    0xF81F, 0xF81F, 0xF81F, 0xF81F, 0xF81F, 0xF81F, 0xF81F, 0xF81F, 0xF81F, 0x38E7, 0x38E7, 0x38E7,
    0xFD48, 0xFD48, 0xFD48, 0xFD48, 0xFD48, 0xFD48, 0xFD48, 0xFD48, 0xFD48, 0x38E7, 0x38E7, 0x38E7,
    0xF81F, 0xF81F, 0xF81F,
    0xF81F, 0xF81F, 0xF81F, 0xF81F, 0xF81F, 0xF81F, 0xF81F, 0xF81F, 0xF81F, 0xF81F, 0xF81F, 0xF81F,
    0xF81F, 0xF81F, 0xF81F, 0xF81F, 0xF81F, 0xF81F, 0x38E7, 0x38E7, 0x38E7, 0xFD48, 0xFD48, 0xFD48,
    0xFD48, 0xFD48, 0xFD48, 0xFD48, 0xFD48, 0xFD48, 0xFD48, 0xFD48, 0xFD48, 0xFD48, 0xFD48, 0xFD48,
    0xFD48, 0xFD48, 0xFD48, 0xFD48, 0xFD48, 0xFD48, 0xFD48, 0xFD48, 0xFD48, 0xFF79, 0xFF79, 0xFF79,
    0xFF79, 0xFF79, 0xFF79, 0xFF79, 0xFF79, 0xFF79, 0xFF79, 0xFF79, 0xFF79, 0xFF79, 0xFF79, 0xFF79,
    0xFF79, 0xFF79, 0xFF79, 0xFF79, 0xFF79, 0xFF79, 0xFF79, 0xFF79, 0xFF79, 0xFF79, 0xFF79, 0xFF79,
    0xFF79, 0xFF79, 0xFF79, 0xFF79, 0xFF79, 0xFF79, 0xFF79, 0xFF79, 0xFF79, 0xFF79, 0xFF79, 0xFF79,
    0xFF79, 0xFF79, 0xFF79, 0xFD48, 0xFD48, 0xFD48, 0xFD48, 0xFD48, 0xFD48, 0xFD48, 0xFD48, 0xFD48,
    0xFD48, 0xFD48, 0xFD48, 0xFD48, 0xFD48, 0xFD48, 0xFD48, 0xFD48, 0xFD48, 0xFD48, 0xFD48, 0xFD48,
    0xFD48, 0xFD48, 0xFD48, 0x38E7, 0x38E7, 0x38E7, 0xF81F, 0xF81F, 0xF81F, 0x38E7, 0x38E7, 0x38E7,
    0x38E7, 0x38E7, 0x38E7, 0x38E7, 0x38E7, 0x38E7, 0x38E7, 0x38E7, 0x38E7, 0xFD48, 0xFD48, 0xFD48,
    0xDB44, 0xDB44, 0xDB44, 0xFD48, 0xFD48, 0xFD48, 0x38E7, 0x38E7, 0x38E7, 0xF81F, 0xF81F, 0xF81F,
    0xF81F, 0xF81F, 0xF81F,
    0xF81F, 0xF81F, 0xF81F, 0xF81F, 0xF81F, 0xF81F, 0xF81F, 0xF81F, 0xF81F, 0xF81F, 0xF81F, 0xF81F,
    0xF81F, 0xF81F, 0xF81F, 0xF81F, 0xF81F, 0xF81F, 0x38E7, 0x38E7, 0x38E7, 0xFD48, 0xFD48, 0xFD48,
    0xFD48, 0xFD48, 0xFD48, 0xFD48, 0xFD48, 0xFD48, 0xFD48, 0xFD48, 0xFD48, 0xFD48, 0xFD48, 0xFD48,
    0xFD48, 0xFD48, 0xFD48, 0xFD48, 0xFD48, 0xFD48, 0xFD48, 0xFD48, 0xFD48, 0xFF79, 0xFF79, 0xFF79,
    0xFF79, 0xFF79, 0xFF79, 0xFF79, 0xFF79, 0xFF79, 0xFF79, 0xFF79, 0xFF79, 0xFF79, 0xFF79, 0xFF79,
    0xFF79, 0xFF79, 0xFF79, 0xFF79, 0xFF79, 0xFF79, 0xFF79, 0xFF79, 0xFF79, 0xFF79, 0xFF79, 0xFF79,
    0xFF79, 0xFF79, 0xFF79, 0xFF79, 0xFF79, 0xFF79, 0xFF79, 0xFF79, 0xFF79, 0xFF79, 0xFF79, 0xFF79,
    0xFF79, 0xFF79, 0xFF79, 0xFD48, 0xFD48, 0xFD48, 0xFD48, 0xFD48, 0xFD48, 0xFD48, 0xFD48, 0xFD48,
    0xFD48, 0xFD48, 0xFD48, 0xFD48, 0xFD48, 0xFD48, 0xFD48, 0xFD48, 0xFD48, 0xFD48, 0xFD48, 0xFD48,
    0xFD48, 0xFD48, 0xFD48, 0x38E7, 0x38E7, 0x38E7, 0xF81F, 0xF81F, 0xF81F, 0x38E7, 0x38E7, 0x38E7,
    0x38E7, 0x38E7, 0x38E7, 0x38E7, 0x38E7, 0x38E7, 0x38E7, 0x38E7, 0x38E7, 0xFD48, 0xFD48, 0xFD48,
    0xDB44, 0xDB44, 0xDB44, 0xFD48, 0xFD48, 0xFD48, 0x38E7, 0x38E7, 0x38E7, 0xF81F, 0xF81F, 0xF81F,
    0xF81F, 0xF81F, 0xF81F,
    0xF81F, 0xF81F, 0xF81F, 0xF81F, 0xF81F, 0xF81F, 0xF81F, 0xF81F, 0xF81F, 0xF81F, 0xF81F, 0xF81F,
    0xF81F, 0xF81F, 0xF81F, 0xF81F, 0xF81F, 0xF81F, 0x38E7, 0x38E7, 0x38E7, 0xFD48, 0xFD48, 0xFD48,
    0xFD48, 0xFD48, 0xFD48, 0xFD48, 0xFD48, 0xFD48, 0xFD48, 0xFD48, 0xFD48, 0xFD48, 0xFD48, 0xFD48,
    0xFD48, 0xFD48, 0xFD48, 0xFD48, 0xFD48, 0xFD48, 0xFD48, 0xFD48, 0xFD48, 0xFF79, 0xFF79, 0xFF79,
    0xFF79, 0xFF79, 0xFF79, 0xFF79, 0xFF79, 0xFF79, 0xFF79, 0xFF79, 0xFF79, 0xFF79, 0xFF79, 0xFF79,
    0xFF79, 0xFF79, 0xFF79, 0xFF79, 0xFF79, 0xFF79, 0xFF79, 0xFF79, 0xFF79, 0xFF79, 0xFF79, 0xFF79,
    0xFF79, 0xFF79, 0xFF79, 0xFF79, 0xFF79, 0xFF79, 0xFF79, 0xFF79, 0xFF79, 0xFF79, 0xFF79, 0xFF79,
    0xFF79, 0xFF79, 0xFF79, 0xFD48, 0xFD48, 0xFD48, 0xFD48, 0xFD48, 0xFD48, 0xFD48, 0xFD48, 0xFD48,
    0xFD48, 0xFD48, 0xFD48, 0xFD48, 0xFD48, 0xFD48, 0xFD48, 0xFD48, 0xFD48, 0xFD48, 0xFD48, 0xFD48,
    0xFD48, 0xFD48, 0xFD48, 0x38E7, 0x38E7, 0x38E7, 0xF81F, 0xF81F, 0xF81F, 0x38E7, 0x38E7, 0x38E7,
    0x38E7, 0x38E7, 0x38E7, 0x38E7, 0x38E7, 0x38E7, 0x38E7, 0x38E7, 0x38E7, 0xFD48, 0xFD48, 0xFD48,
    0xDB44, 0xDB44, 0xDB44, 0xFD48, 0xFD48, 0xFD48, 0x38E7, 0x38E7, 0x38E7, 0xF81F, 0xF81F, 0xF81F,
    0xF81F, 0xF81F, 0xF81F,
    0xF81F, 0xF81F, 0xF81F, 0xF81F, 0xF81F, 0xF81F, 0xF81F, 0xF81F, 0xF81F, 0xF81F, 0xF81F, 0xF81F,
    0xF81F, 0xF81F, 0xF81F, 0xF81F, 0xF81F, 0xF81F, 0x38E7, 0x38E7, 0x38E7, 0xDB44, 0xDB44, 0xDB44,
    0xFD48, 0xFD48, 0xFD48, 0xFD48, 0xFD48, 0xFD48, 0xFD48, 0xFD48, 0xFD48, 0xFD48, 0xFD48, 0xFD48,
    0xFD48, 0xFD48, 0xFD48, 0xFD48, 0xFD48, 0xFD48, 0xFD48, 0xFD48, 0xFD48, 0xFF79, 0xFF79, 0xFF79,
    0xFF79, 0xFF79, 0xFF79, 0xFF79, 0xFF79, 0xFF79, 0xFF79, 0xFF79, 0xFF79, 0xFF79, 0xFF79, 0xFF79,
    0xFF79, 0xFF79, 0xFF79, 0xFF79, 0xFF79, 0xFF79, 0xFF79, 0xFF79, 0xFF79, 0xFF79, 0xFF79, 0xFF79,
    0xFF79, 0xFF79, 0xFF79, 0xFF79, 0xFF79, 0xFF79, 0xFF79, 0xFF79, 0xFF79, 0xFF79, 0xFF79, 0xFF79,
    0xFF79, 0xFF79, 0xFF79, 0xFD48, 0xFD48, 0xFD48, 0xFD48, 0xFD48, 0xFD48, 0xFD48, 0xFD48, 0xFD48,
    0xFD48, 0xFD48, 0xFD48, 0xFD48, 0xFD48, 0xFD48, 0xFD48, 0xFD48, 0xFD48, 0xFD48, 0xFD48, 0xFD48,
    0xFD48, 0xFD48, 0xFD48, 0x38E7, 0x38E7, 0x38E7, 0x38E7, 0x38E7, 0x38E7, 0xFD48, 0xFD48, 0xFD48,
    0xFD48, 0xFD48, 0xFD48, 0xFD48, 0xFD48, 0xFD48, 0xFD48, 0xFD48, 0xFD48, 0xFD48, 0xFD48, 0xFD48,
    0xFD48, 0xFD48, 0xFD48, 0x38E7, 0x38E7, 0x38E7, 0xF81F, 0xF81F, 0xF81F, 0xF81F, 0xF81F, 0xF81F,
    0xF81F, 0xF81F, 0xF81F,
    0xF81F, 0xF81F, 0xF81F, 0xF81F, 0xF81F, 0xF81F, 0xF81F, 0xF81F, 0xF81F, 0xF81F, 0xF81F, 0xF81F,
    0xF81F, 0xF81F, 0xF81F, 0xF81F, 0xF81F, 0xF81F, 0x38E7, 0x38E7, 0x38E7, 0xDB44, 0xDB44, 0xDB44,
    0xFD48, 0xFD48, 0xFD48, 0xFD48, 0xFD48, 0xFD48, 0xFD48, 0xFD48, 0xFD48, 0xFD48, 0xFD48, 0xFD48,
    0xFD48, 0xFD48, 0xFD48, 0xFD48, 0xFD48, 0xFD48, 0xFD48, 0xFD48, 0xFD48, 0xFF79, 0xFF79, 0xFF79,
    0xFF79, 0xFF79, 0xFF79, 0xFF79, 0xFF79, 0xFF79, 0xFF79, 0xFF79, 0xFF79, 0xFF79, 0xFF79, 0xFF79,
    0xFF79, 0xFF79, 0xFF79, 0xFF79, 0xFF79, 0xFF79, 0xFF79, 0xFF79, 0xFF79, 0xFF79, 0xFF79, 0xFF79,
    0xFF79, 0xFF79, 0xFF79, 0xFF79, 0xFF79, 0xFF79, 0xFF79, 0xFF79, 0xFF79, 0xFF79, 0xFF79, 0xFF79,
    0xFF79, 0xFF79, 0xFF79, 0xFD48, 0xFD48, 0xFD48, 0xFD48, 0xFD48, 0xFD48, 0xFD48, 0xFD48, 0xFD48,
    0xFD48, 0xFD48, 0xFD48, 0xFD48, 0xFD48, 0xFD48, 0xFD48, 0xFD48, 0xFD48, 0xFD48, 0xFD48, 0xFD48,
    0xFD48, 0xFD48, 0xFD48, 0x38E7, 0x38E7, 0x38E7, 0x38E7, 0x38E7, 0x38E7, 0xFD48, 0xFD48, 0xFD48,
    0xFD48, 0xFD48, 0xFD48, 0xFD48, 0xFD48, 0xFD48, 0xFD48, 0xFD48, 0xFD48, 0xFD48, 0xFD48, 0xFD48,
    0xFD48, 0xFD48, 0xFD48, 0x38E7, 0x38E7, 0x38E7, 0xF81F, 0xF81F, 0xF81F, 0xF81F, 0xF81F, 0xF81F,
    0xF81F, 0xF81F, 0xF81F,
    0xF81F, 0xF81F, 0xF81F, 0xF81F, 0xF81F, 0xF81F, 0xF81F, 0xF81F, 0xF81F, 0xF81F, 0xF81F, 0xF81F,
    0xF81F, 0xF81F, 0xF81F, 0xF81F, 0xF81F, 0xF81F, 0x38E7, 0x38E7, 0x38E7, 0xDB44, 0xDB44, 0xDB44,
    0xFD48, 0xFD48, 0xFD48, 0xFD48, 0xFD48, 0xFD48, 0xFD48, 0xFD48, 0xFD48, 0xFD48, 0xFD48, 0xFD48,
    0xFD48, 0xFD48, 0xFD48, 0xFD48, 0xFD48, 0xFD48, 0xFD48, 0xFD48, 0xFD48, 0xFF79, 0xFF79, 0xFF79,
    0xFF79, 0xFF79, 0xFF79, 0xFF79, 0xFF79, 0xFF79, 0xFF79, 0xFF79, 0xFF79, 0xFF79, 0xFF79, 0xFF79,
    0xFF79, 0xFF79, 0xFF79, 0xFF79, 0xFF79, 0xFF79, 0xFF79, 0xFF79, 0xFF79, 0xFF79, 0xFF79, 0xFF79,
    0xFF79, 0xFF79, 0xFF79, 0xFF79, 0xFF79, 0xFF79, 0xFF79, 0xFF79, 0xFF79, 0xFF79, 0xFF79, 0xFF79,
    0xFF79, 0xFF79, 0xFF79, 0xFD48, 0xFD48, 0xFD48, 0xFD48, 0xFD48, 0xFD48, 0xFD48, 0xFD48, 0xFD48,
    0xFD48, 0xFD48, 0xFD48, 0xFD48, 0xFD48, 0xFD48, 0xFD48, 0xFD48, 0xFD48, 0xFD48, 0xFD48, 0xFD48,
    0xFD48, 0xFD48, 0xFD48, 0x38E7, 0x38E7, 0x38E7, 0x38E7, 0x38E7, 0x38E7, 0xFD48, 0xFD48, 0xFD48,
    0xFD48, 0xFD48, 0xFD48, 0xFD48, 0xFD48, 0xFD48, 0xFD48, 0xFD48, 0xFD48, 0xFD48, 0xFD48, 0xFD48,
    0xFD48, 0xFD48, 0xFD48, 0x38E7, 0x38E7, 0x38E7, 0xF81F, 0xF81F, 0xF81F, 0xF81F, 0xF81F, 0xF81F,
    0xF81F, 0xF81F, 0xF81F,
    0xF81F, 0xF81F, 0xF81F, 0xF81F, 0xF81F, 0xF81F, 0xF81F, 0xF81F, 0xF81F, 0xF81F, 0xF81F, 0xF81F,
    0xF81F, 0xF81F, 0xF81F, 0xF81F, 0xF81F, 0xF81F, 0xF81F, 0xF81F, 0xF81F, 0x38E7, 0x38E7, 0x38E7,
    0xDB44, 0xDB44, 0xDB44, 0xDB44, 0xDB44, 0xDB44, 0xFD48, 0xFD48, 0xFD48, 0xFD48, 0xFD48, 0xFD48,
    0xFD48, 0xFD48, 0xFD48, 0xFD48, 0xFD48, 0xFD48, 0xFD48, 0xFD48, 0xFD48, 0xFF79, 0xFF79, 0xFF79,
    0xFF79, 0xFF79, 0xFF79, 0xFF79, 0xFF79, 0xFF79, 0xFF79, 0xFF79, 0xFF79, 0xFF79, 0xFF79, 0xFF79,
    0xFF79, 0xFF79, 0xFF79, 0xFF79, 0xFF79, 0xFF79, 0xFF79, 0xFF79, 0xFF79, 0xFF79, 0xFF79, 0xFF79,
    0xFF79, 0xFF79, 0xFF79, 0xFF79, 0xFF79, 0xFF79, 0xFF79, 0xFF79, 0xFF79, 0xFF79, 0xFF79, 0xFF79,
    0xFF79, 0xFF79, 0xFF79, 0xFD48, 0xFD48, 0xFD48, 0xFD48, 0xFD48, 0xFD48, 0xFD48, 0xFD48, 0xFD48,
    0xFD48, 0xFD48, 0xFD48, 0xFD48, 0xFD48, 0xFD48, 0xDB44, 0xDB44, 0xDB44, 0xDB44, 0xDB44, 0xDB44,
    0xFD48, 0xFD48, 0xFD48, 0xFD48, 0xFD48, 0xFD48, 0xFD48, 0xFD48, 0xFD48, 0xFD48, 0xFD48, 0xFD48,
    0xDB44, 0xDB44, 0xDB44, 0xFD48, 0xFD48, 0xFD48, 0xFD48, 0xFD48, 0xFD48, 0x38E7, 0x38E7, 0x38E7,
    0x38E7, 0x38E7, 0x38E7, 0xF81F, 0xF81F, 0xF81F, 0xF81F, 0xF81F, 0xF81F, 0xF81F, 0xF81F, 0xF81F,
    0xF81F, 0xF81F, 0xF81F,
    0xF81F, 0xF81F, 0xF81F, 0xF81F, 0xF81F, 0xF81F, 0xF81F, 0xF81F, 0xF81F, 0xF81F, 0xF81F, 0xF81F,
    0xF81F, 0xF81F, 0xF81F, 0xF81F, 0xF81F, 0xF81F, 0xF81F, 0xF81F, 0xF81F, 0x38E7, 0x38E7, 0x38E7,
    0xDB44, 0xDB44, 0xDB44, 0xDB44, 0xDB44, 0xDB44, 0xFD48, 0xFD48, 0xFD48, 0xFD48, 0xFD48, 0xFD48,
    0xFD48, 0xFD48, 0xFD48, 0xFD48, 0xFD48, 0xFD48, 0xFD48, 0xFD48, 0xFD48, 0xFF79, 0xFF79, 0xFF79,
    0xFF79, 0xFF79, 0xFF79, 0xFF79, 0xFF79, 0xFF79, 0xFF79, 0xFF79, 0xFF79, 0xFF79, 0xFF79, 0xFF79,
    0xFF79, 0xFF79, 0xFF79, 0xFF79, 0xFF79, 0xFF79, 0xFF79, 0xFF79, 0xFF79, 0xFF79, 0xFF79, 0xFF79,
    0xFF79, 0xFF79, 0xFF79, 0xFF79, 0xFF79, 0xFF79, 0xFF79, 0xFF79, 0xFF79, 0xFF79, 0xFF79, 0xFF79,
    0xFF79, 0xFF79, 0xFF79, 0xFD48, 0xFD48, 0xFD48, 0xFD48, 0xFD48, 0xFD48, 0xFD48, 0xFD48, 0xFD48,
    0xFD48, 0xFD48, 0xFD48, 0xFD48, 0xFD48, 0xFD48, 0xDB44, 0xDB44, 0xDB44, 0xDB44, 0xDB44, 0xDB44,
    0xFD48, 0xFD48, 0xFD48, 0xFD48, 0xFD48, 0xFD48, 0xFD48, 0xFD48, 0xFD48, 0xFD48, 0xFD48, 0xFD48,
    0xDB44, 0xDB44, 0xDB44, 0xFD48, 0xFD48, 0xFD48, 0xFD48, 0xFD48, 0xFD48, 0x38E7, 0x38E7, 0x38E7,
    0x38E7, 0x38E7, 0x38E7, 0xF81F, 0xF81F, 0xF81F, 0xF81F, 0xF81F, 0xF81F, 0xF81F, 0xF81F, 0xF81F,
    0xF81F, 0xF81F, 0xF81F,
    0xF81F, 0xF81F, 0xF81F, 0xF81F, 0xF81F, 0xF81F, 0xF81F, 0xF81F, 0xF81F, 0xF81F, 0xF81F, 0xF81F,
    0xF81F, 0xF81F, 0xF81F, 0xF81F, 0xF81F, 0xF81F, 0xF81F, 0xF81F, 0xF81F, 0x38E7, 0x38E7, 0x38E7,
    0xDB44, 0xDB44, 0xDB44, 0xDB44, 0xDB44, 0xDB44, 0xFD48, 0xFD48, 0xFD48, 0xFD48, 0xFD48, 0xFD48,
    0xFD48, 0xFD48, 0xFD48, 0xFD48, 0xFD48, 0xFD48, 0xFD48, 0xFD48, 0xFD48, 0xFF79, 0xFF79, 0xFF79,
    0xFF79, 0xFF79, 0xFF79, 0xFF79, 0xFF79, 0xFF79, 0xFF79, 0xFF79, 0xFF79, 0xFF79, 0xFF79, 0xFF79,
    0xFF79, 0xFF79, 0xFF79, 0xFF79, 0xFF79, 0xFF79, 0xFF79, 0xFF79, 0xFF79, 0xFF79, 0xFF79, 0xFF79,
    0xFF79, 0xFF79, 0xFF79, 0xFF79, 0xFF79, 0xFF79, 0xFF79, 0xFF79, 0xFF79, 0xFF79, 0xFF79, 0xFF79,
    0xFF79, 0xFF79, 0xFF79, 0xFD48, 0xFD48, 0xFD48, 0xFD48, 0xFD48, 0xFD48, 0xFD48, 0xFD48, 0xFD48,
    0xFD48, 0xFD48, 0xFD48, 0xFD48, 0xFD48, 0xFD48, 0xDB44, 0xDB44, 0xDB44, 0xDB44, 0xDB44, 0xDB44,
    0xFD48, 0xFD48, 0xFD48, 0xFD48, 0xFD48, 0xFD48, 0xFD48, 0xFD48, 0xFD48, 0xFD48, 0xFD48, 0xFD48,
    0xDB44, 0xDB44, 0xDB44, 0xFD48, 0xFD48, 0xFD48, 0xFD48, 0xFD48, 0xFD48, 0x38E7, 0x38E7, 0x38E7,
    0x38E7, 0x38E7, 0x38E7, 0xF81F, 0xF81F, 0xF81F, 0xF81F, 0xF81F, 0xF81F, 0xF81F, 0xF81F, 0xF81F,
    0xF81F, 0xF81F, 0xF81F,
    0xF81F, 0xF81F, 0xF81F, 0xF81F, 0xF81F, 0xF81F, 0xF81F, 0xF81F, 0xF81F, 0xF81F, 0xF81F, 0xF81F,
    0xF81F, 0xF81F, 0xF81F, 0xF81F, 0xF81F, 0xF81F, 0xF81F, 0xF81F, 0xF81F, 0xF81F, 0xF81F, 0xF81F,
    0x38E7, 0x38E7, 0x38E7, 0xFD48, 0xFD48, 0xFD48, 0xFD48, 0xFD48, 0xFD48, 0xFD48, 0xFD48, 0xFD48,
    0xFD48, 0xFD48, 0xFD48, 0xFD48, 0xFD48, 0xFD48, 0xFD48, 0xFD48, 0xFD48, 0xFF79, 0xFF79, 0xFF79,
    0xFF79, 0xFF79, 0xFF79, 0xFF79, 0xFF79, 0xFF79, 0xFF79, 0xFF79, 0xFF79, 0xFF79, 0xFF79, 0xFF79,
    0xFF79, 0xFF79, 0xFF79, 0xFF79, 0xFF79, 0xFF79, 0xFF79, 0xFF79, 0xFF79, 0xFF79, 0xFF79, 0xFF79,
    0xFF79, 0xFF79, 0xFF79, 0xFF79, 0xFF79, 0xFF79, 0xFF79, 0xFF79, 0xFF79, 0xFF79, 0xFF79, 0xFF79,
    0xFF79, 0xFF79, 0xFF79, 0xFD48, 0xFD48, 0xFD48, 0xFD48, 0xFD48, 0xFD48, 0xFD48, 0xFD48, 0xFD48,
    0xFD48, 0xFD48, 0xFD48, 0xFD48, 0xFD48, 0xFD48, 0xFD48, 0xFD48, 0xFD48, 0x38E7, 0x38E7, 0x38E7,
    0x38E7, 0x38E7, 0x38E7, 0x38E7, 0x38E7, 0x38E7, 0x38E7, 0x38E7, 0x38E7, 0x38E7, 0x38E7, 0x38E7,
    0x38E7, 0x38E7, 0x38E7, 0x38E7, 0x38E7, 0x38E7, 0x38E7, 0x38E7, 0x38E7, 0xF81F, 0xF81F, 0xF81F,
    0xF81F, 0xF81F, 0xF81F, 0xF81F, 0xF81F, 0xF81F, 0xF81F, 0xF81F, 0xF81F, 0xF81F, 0xF81F, 0xF81F,
    0xF81F, 0xF81F, 0xF81F,
    0xF81F, 0xF81F, 0xF81F, 0xF81F, 0xF81F, 0xF81F, 0xF81F, 0xF81F, 0xF81F, 0xF81F, 0xF81F, 0xF81F,
    0xF81F, 0xF81F, 0xF81F, 0xF81F, 0xF81F, 0xF81F, 0xF81F, 0xF81F, 0xF81F, 0xF81F, 0xF81F, 0xF81F,
    0x38E7, 0x38E7, 0x38E7, 0xFD48, 0xFD48, 0xFD48, 0xFD48, 0xFD48, 0xFD48, 0xFD48, 0xFD48, 0xFD48,
    0xFD48, 0xFD48, 0xFD48, 0xFD48, 0xFD48, 0xFD48, 0xFD48, 0xFD48, 0xFD48, 0xFF79, 0xFF79, 0xFF79,
    0xFF79, 0xFF79, 0xFF79, 0xFF79, 0xFF79, 0xFF79, 0xFF79, 0xFF79, 0xFF79, 0xFF79, 0xFF79, 0xFF79,
    0xFF79, 0xFF79, 0xFF79, 0xFF79, 0xFF79, 0xFF79, 0xFF79, 0xFF79, 0xFF79, 0xFF79, 0xFF79, 0xFF79,
    0xFF79, 0xFF79, 0xFF79, 0xFF79, 0xFF79, 0xFF79, 0xFF79, 0xFF79, 0xFF79, 0xFF79, 0xFF79, 0xFF79,
    0xFF79, 0xFF79, 0xFF79, 0xFD48, 0xFD48, 0xFD48, 0xFD48, 0xFD48, 0xFD48, 0xFD48, 0xFD48, 0xFD48,
    0xFD48, 0xFD48, 0xFD48, 0xFD48, 0xFD48, 0xFD48, 0xFD48, 0xFD48, 0xFD48, 0x38E7, 0x38E7, 0x38E7,
    0x38E7, 0x38E7, 0x38E7, 0x38E7, 0x38E7, 0x38E7, 0x38E7, 0x38E7, 0x38E7, 0x38E7, 0x38E7, 0x38E7,
    0x38E7, 0x38E7, 0x38E7, 0x38E7, 0x38E7, 0x38E7, 0x38E7, 0x38E7, 0x38E7, 0xF81F, 0xF81F, 0xF81F,
    0xF81F, 0xF81F, 0xF81F, 0xF81F, 0xF81F, 0xF81F, 0xF81F, 0xF81F, 0xF81F, 0xF81F, 0xF81F, 0xF81F,
    0xF81F, 0xF81F, 0xF81F,
    0xF81F, 0xF81F, 0xF81F, 0xF81F, 0xF81F, 0xF81F, 0xF81F, 0xF81F, 0xF81F, 0xF81F, 0xF81F, 0xF81F,
    0xF81F, 0xF81F, 0xF81F, 0xF81F, 0xF81F, 0xF81F, 0xF81F, 0xF81F, 0xF81F, 0xF81F, 0xF81F, 0xF81F,
    0x38E7, 0x38E7, 0x38E7, 0xFD48, 0xFD48, 0xFD48, 0xFD48, 0xFD48, 0xFD48, 0xFD48, 0xFD48, 0xFD48,
    0xFD48, 0xFD48, 0xFD48, 0xFD48, 0xFD48, 0xFD48, 0xFD48, 0xFD48, 0xFD48, 0xFF79, 0xFF79, 0xFF79,
    0xFF79, 0xFF79, 0xFF79, 0xFF79, 0xFF79, 0xFF79, 0xFF79, 0xFF79, 0xFF79, 0xFF79, 0xFF79, 0xFF79,
    0xFF79, 0xFF79, 0xFF79, 0xFF79, 0xFF79, 0xFF79, 0xFF79, 0xFF79, 0xFF79, 0xFF79, 0xFF79, 0xFF79,
    0xFF79, 0xFF79, 0xFF79, 0xFF79, 0xFF79, 0xFF79, 0xFF79, 0xFF79, 0xFF79, 0xFF79, 0xFF79, 0xFF79,
    0xFF79, 0xFF79, 0xFF79, 0xFD48, 0xFD48, 0xFD48, 0xFD48, 0xFD48, 0xFD48, 0xFD48, 0xFD48, 0xFD48,
    0xFD48, 0xFD48, 0xFD48, 0xFD48, 0xFD48, 0xFD48, 0xFD48, 0xFD48, 0xFD48, 0x38E7, 0x38E7, 0x38E7,
    0x38E7, 0x38E7, 0x38E7, 0x38E7, 0x38E7, 0x38E7, 0x38E7, 0x38E7, 0x38E7, 0x38E7, 0x38E7, 0x38E7,
    0x38E7, 0x38E7, 0x38E7, 0x38E7, 0x38E7, 0x38E7, 0x38E7, 0x38E7, 0x38E7, 0xF81F, 0xF81F, 0xF81F,
    0xF81F, 0xF81F, 0xF81F, 0xF81F, 0xF81F, 0xF81F, 0xF81F, 0xF81F, 0xF81F, 0xF81F, 0xF81F, 0xF81F,
    0xF81F, 0xF81F, 0xF81F,
    0xF81F, 0xF81F, 0xF81F, 0xF81F, 0xF81F, 0xF81F, 0xF81F, 0xF81F, 0xF81F, 0xF81F, 0xF81F, 0xF81F,
    0xF81F, 0xF81F, 0xF81F, 0xF81F, 0xF81F, 0xF81F, 0xF81F, 0xF81F, 0xF81F, 0xF81F, 0xF81F, 0xF81F,
    0xF81F, 0xF81F, 0xF81F, 0x38E7, 0x38E7, 0x38E7, 0xFD48, 0xFD48, 0xFD48, 0xFD48, 0xFD48, 0xFD48,
    0xFD48, 0xFD48, 0xFD48, 0xFD48, 0xFD48, 0xFD48, 0x38E7, 0x38E7, 0x38E7, 0x38E7, 0x38E7, 0x38E7,
    0x38E7, 0x38E7, 0x38E7, 0x38E7, 0x38E7, 0x38E7, 0xFF79, 0xFF79, 0xFF79, 0xFF79, 0xFF79, 0xFF79,
    0xFF79, 0xFF79, 0xFF79, 0xFF79, 0xFF79, 0xFF79, 0xFF79, 0xFF79, 0xFF79, 0xFF79, 0xFF79, 0xFF79,
    0xFF79, 0xFF79, 0xFF79, 0xFF79, 0xFF79, 0xFF79, 0x38E7, 0x38E7, 0x38E7, 0x38E7, 0x38E7, 0x38E7,
    0x38E7, 0x38E7, 0x38E7, 0x38E7, 0x38E7, 0x38E7, 0xFD48, 0xFD48, 0xFD48, 0xFD48, 0xFD48, 0xFD48,
    0xFD48, 0xFD48, 0xFD48, 0xFD48, 0xFD48, 0xFD48, 0x38E7, 0x38E7, 0x38E7, 0xF81F, 0xF81F, 0xF81F,
    0xF81F, 0xF81F, 0xF81F, 0xF81F, 0xF81F, 0xF81F, 0xF81F, 0xF81F, 0xF81F, 0xF81F, 0xF81F, 0xF81F,
    0xF81F, 0xF81F, 0xF81F, 0xF81F, 0xF81F, 0xF81F, 0xF81F, 0xF81F, 0xF81F, 0xF81F, 0xF81F, 0xF81F,
    0xF81F, 0xF81F, 0xF81F, 0xF81F, 0xF81F, 0xF81F, 0xF81F, 0xF81F, 0xF81F, 0xF81F, 0xF81F, 0xF81F,
    0xF81F, 0xF81F, 0xF81F,
    0xF81F, 0xF81F, 0xF81F, 0xF81F, 0xF81F, 0xF81F, 0xF81F, 0xF81F, 0xF81F, 0xF81F, 0xF81F, 0xF81F,
    0xF81F, 0xF81F, 0xF81F, 0xF81F, 0xF81F, 0xF81F, 0xF81F, 0xF81F, 0xF81F, 0xF81F, 0xF81F, 0xF81F,
    0xF81F, 0xF81F, 0xF81F, 0x38E7, 0x38E7, 0x38E7, 0xFD48, 0xFD48, 0xFD48, 0xFD48, 0xFD48, 0xFD48,
    0xFD48, 0xFD48, 0xFD48, 0xFD48, 0xFD48, 0xFD48, 0x38E7, 0x38E7, 0x38E7, 0x38E7, 0x38E7, 0x38E7,
    0x38E7, 0x38E7, 0x38E7, 0x38E7, 0x38E7, 0x38E7, 0xFF79, 0xFF79, 0xFF79, 0xFF79, 0xFF79, 0xFF79,
    0xFF79, 0xFF79, 0xFF79, 0xFF79, 0xFF79, 0xFF79, 0xFF79, 0xFF79, 0xFF79, 0xFF79, 0xFF79, 0xFF79,
    0xFF79, 0xFF79, 0xFF79, 0xFF79, 0xFF79, 0xFF79, 0x38E7, 0x38E7, 0x38E7, 0x38E7, 0x38E7, 0x38E7,
    0x38E7, 0x38E7, 0x38E7, 0x38E7, 0x38E7, 0x38E7, 0xFD48, 0xFD48, 0xFD48, 0xFD48, 0xFD48, 0xFD48,
    0xFD48, 0xFD48, 0xFD48, 0xFD48, 0xFD48, 0xFD48, 0x38E7, 0x38E7, 0x38E7, 0xF81F, 0xF81F, 0xF81F,
    0xF81F, 0xF81F, 0xF81F, 0xF81F, 0xF81F, 0xF81F, 0xF81F, 0xF81F, 0xF81F, 0xF81F, 0xF81F, 0xF81F,
    0xF81F, 0xF81F, 0xF81F, 0xF81F, 0xF81F, 0xF81F, 0xF81F, 0xF81F, 0xF81F, 0xF81F, 0xF81F, 0xF81F,
    0xF81F, 0xF81F, 0xF81F, 0xF81F, 0xF81F, 0xF81F, 0xF81F, 0xF81F, 0xF81F, 0xF81F, 0xF81F, 0xF81F,
    0xF81F, 0xF81F, 0xF81F,
    0xF81F, 0xF81F, 0xF81F, 0xF81F, 0xF81F, 0xF81F, 0xF81F, 0xF81F, 0xF81F, 0xF81F, 0xF81F, 0xF81F,
    0xF81F, 0xF81F, 0xF81F, 0xF81F, 0xF81F, 0xF81F, 0xF81F, 0xF81F, 0xF81F, 0xF81F, 0xF81F, 0xF81F,
    0xF81F, 0xF81F, 0xF81F, 0x38E7, 0x38E7, 0x38E7, 0xFD48, 0xFD48, 0xFD48, 0xFD48, 0xFD48, 0xFD48,
    0xFD48, 0xFD48, 0xFD48, 0xFD48, 0xFD48, 0xFD48, 0x38E7, 0x38E7, 0x38E7, 0x38E7, 0x38E7, 0x38E7,
    0x38E7, 0x38E7, 0x38E7, 0x38E7, 0x38E7, 0x38E7, 0xFF79, 0xFF79, 0xFF79, 0xFF79, 0xFF79, 0xFF79,
    0xFF79, 0xFF79, 0xFF79, 0xFF79, 0xFF79, 0xFF79, 0xFF79, 0xFF79, 0xFF79, 0xFF79, 0xFF79, 0xFF79,
    0xFF79, 0xFF79, 0xFF79, 0xFF79, 0xFF79, 0xFF79, 0x38E7, 0x38E7, 0x38E7, 0x38E7, 0x38E7, 0x38E7,
    0x38E7, 0x38E7, 0x38E7, 0x38E7, 0x38E7, 0x38E7, 0xFD48, 0xFD48, 0xFD48, 0xFD48, 0xFD48, 0xFD48,
    0xFD48, 0xFD48, 0xFD48, 0xFD48, 0xFD48, 0xFD48, 0x38E7, 0x38E7, 0x38E7, 0xF81F, 0xF81F, 0xF81F,
    0xF81F, 0xF81F, 0xF81F, 0xF81F, 0xF81F, 0xF81F, 0xF81F, 0xF81F, 0xF81F, 0xF81F, 0xF81F, 0xF81F,
    0xF81F, 0xF81F, 0xF81F, 0xF81F, 0xF81F, 0xF81F, 0xF81F, 0xF81F, 0xF81F, 0xF81F, 0xF81F, 0xF81F,
    0xF81F, 0xF81F, 0xF81F, 0xF81F, 0xF81F, 0xF81F, 0xF81F, 0xF81F, 0xF81F, 0xF81F, 0xF81F, 0xF81F,
    0xF81F, 0xF81F, 0xF81F,
    0xF81F, 0xF81F, 0xF81F, 0xF81F, 0xF81F, 0xF81F, 0xF81F, 0xF81F, 0xF81F, 0xF81F, 0xF81F, 0xF81F,
    0xF81F, 0xF81F, 0xF81F, 0xF81F, 0xF81F, 0xF81F, 0xF81F, 0xF81F, 0xF81F, 0xF81F, 0xF81F, 0xF81F,
    0xF81F, 0xF81F, 0xF81F, 0xF81F, 0xF81F, 0xF81F, 0x38E7, 0x38E7, 0x38E7, 0xFD48, 0xFD48, 0xFD48,
    0xFD48, 0xFD48, 0xFD48, 0x38E7, 0x38E7, 0x38E7, 0xFF79, 0xFF79, 0xFF79, 0xFF79, 0xFF79, 0xFF79,
    0xFF79, 0xFF79, 0xFF79, 0xFF79, 0xFF79, 0xFF79, 0x38E7, 0x38E7, 0x38E7, 0xFF79, 0xFF79, 0xFF79,
    0xFF79, 0xFF79, 0xFF79, 0xFF79, 0xFF79, 0xFF79, 0xFF79, 0xFF79, 0xFF79, 0xFF79, 0xFF79, 0xFF79,
    0xFF79, 0xFF79, 0xFF79, 0x38E7, 0x38E7, 0x38E7, 0xFF79, 0xFF79, 0xFF79, 0xFF79, 0xFF79, 0xFF79,
    0xFF79, 0xFF79, 0xFF79, 0xFF79, 0xFF79, 0xFF79, 0x38E7, 0x38E7, 0x38E7, 0xFD48, 0xFD48, 0xFD48,
    0xFD48, 0xFD48, 0xFD48, 0x38E7, 0x38E7, 0x38E7, 0xF81F, 0xF81F, 0xF81F, 0xF81F, 0xF81F, 0xF81F,
    0xF81F, 0xF81F, 0xF81F, 0xF81F, 0xF81F, 0xF81F, 0xF81F, 0xF81F, 0xF81F, 0xF81F, 0xF81F, 0xF81F,
    0xF81F, 0xF81F, 0xF81F, 0xF81F, 0xF81F, 0xF81F, 0xF81F, 0xF81F, 0xF81F, 0xF81F, 0xF81F, 0xF81F,
    0xF81F, 0xF81F, 0xF81F, 0xF81F, 0xF81F, 0xF81F, 0xF81F, 0xF81F, 0xF81F, 0xF81F, 0xF81F, 0xF81F,
    0xF81F, 0xF81F, 0xF81F,
    0xF81F, 0xF81F, 0xF81F, 0xF81F, 0xF81F, 0xF81F, 0xF81F, 0xF81F, 0xF81F, 0xF81F, 0xF81F, 0xF81F,
    0xF81F, 0xF81F, 0xF81F, 0xF81F, 0xF81F, 0xF81F, 0xF81F, 0xF81F, 0xF81F, 0xF81F, 0xF81F, 0xF81F,
    0xF81F, 0xF81F, 0xF81F, 0xF81F, 0xF81F, 0xF81F, 0x38E7, 0x38E7, 0x38E7, 0xFD48, 0xFD48, 0xFD48,
    0xFD48, 0xFD48, 0xFD48, 0x38E7, 0x38E7, 0x38E7, 0xFF79, 0xFF79, 0xFF79, 0xFF79, 0xFF79, 0xFF79,
    0xFF79, 0xFF79, 0xFF79, 0xFF79, 0xFF79, 0xFF79, 0x38E7, 0x38E7, 0x38E7, 0xFF79, 0xFF79, 0xFF79,
    0xFF79, 0xFF79, 0xFF79, 0xFF79, 0xFF79, 0xFF79, 0xFF79, 0xFF79, 0xFF79, 0xFF79, 0xFF79, 0xFF79,
    0xFF79, 0xFF79, 0xFF79, 0x38E7, 0x38E7, 0x38E7, 0xFF79, 0xFF79, 0xFF79, 0xFF79, 0xFF79, 0xFF79,
    0xFF79, 0xFF79, 0xFF79, 0xFF79, 0xFF79, 0xFF79, 0x38E7, 0x38E7, 0x38E7, 0xFD48, 0xFD48, 0xFD48,
    0xFD48, 0xFD48, 0xFD48, 0x38E7, 0x38E7, 0x38E7, 0xF81F, 0xF81F, 0xF81F, 0xF81F, 0xF81F, 0xF81F,
    0xF81F, 0xF81F, 0xF81F, 0xF81F, 0xF81F, 0xF81F, 0xF81F, 0xF81F, 0xF81F, 0xF81F, 0xF81F, 0xF81F,
    0xF81F, 0xF81F, 0xF81F, 0xF81F, 0xF81F, 0xF81F, 0xF81F, 0xF81F, 0xF81F, 0xF81F, 0xF81F, 0xF81F,
    0xF81F, 0xF81F, 0xF81F, 0xF81F, 0xF81F, 0xF81F, 0xF81F, 0xF81F, 0xF81F, 0xF81F, 0xF81F, 0xF81F,
    0xF81F, 0xF81F, 0xF81F,
    0xF81F, 0xF81F, 0xF81F, 0xF81F, 0xF81F, 0xF81F, 0xF81F, 0xF81F, 0xF81F, 0xF81F, 0xF81F, 0xF81F,
    0xF81F, 0xF81F, 0xF81F, 0xF81F, 0xF81F, 0xF81F, 0xF81F, 0xF81F, 0xF81F, 0xF81F, 0xF81F, 0xF81F,
    0xF81F, 0xF81F, 0xF81F, 0xF81F, 0xF81F, 0xF81F, 0x38E7, 0x38E7, 0x38E7, 0xFD48, 0xFD48, 0xFD48,
    0xFD48, 0xFD48, 0xFD48, 0x38E7, 0x38E7, 0x38E7, 0xFF79, 0xFF79, 0xFF79, 0xFF79, 0xFF79, 0xFF79,
    0xFF79, 0xFF79, 0xFF79, 0xFF79, 0xFF79, 0xFF79, 0x38E7, 0x38E7, 0x38E7, 0xFF79, 0xFF79, 0xFF79,
    0xFF79, 0xFF79, 0xFF79, 0xFF79, 0xFF79, 0xFF79, 0xFF79, 0xFF79, 0xFF79, 0xFF79, 0xFF79, 0xFF79,
    0xFF79, 0xFF79, 0xFF79, 0x38E7, 0x38E7, 0x38E7, 0xFF79, 0xFF79, 0xFF79, 0xFF79, 0xFF79, 0xFF79,
    0xFF79, 0xFF79, 0xFF79, 0xFF79, 0xFF79, 0xFF79, 0x38E7, 0x38E7, 0x38E7, 0xFD48, 0xFD48, 0xFD48,
    0xFD48, 0xFD48, 0xFD48, 0x38E7, 0x38E7, 0x38E7, 0xF81F, 0xF81F, 0xF81F, 0xF81F, 0xF81F, 0xF81F,
    0xF81F, 0xF81F, 0xF81F, 0xF81F, 0xF81F, 0xF81F, 0xF81F, 0xF81F, 0xF81F, 0xF81F, 0xF81F, 0xF81F,
    0xF81F, 0xF81F, 0xF81F, 0xF81F, 0xF81F, 0xF81F, 0xF81F, 0xF81F, 0xF81F, 0xF81F, 0xF81F, 0xF81F,
    0xF81F, 0xF81F, 0xF81F, 0xF81F, 0xF81F, 0xF81F, 0xF81F, 0xF81F, 0xF81F, 0xF81F, 0xF81F, 0xF81F,
    0xF81F, 0xF81F, 0xF81F,
    0xF81F, 0xF81F, 0xF81F, 0xF81F, 0xF81F, 0xF81F, 0xF81F, 0xF81F, 0xF81F, 0xF81F, 0xF81F, 0xF81F,
    0xF81F, 0xF81F, 0xF81F, 0xF81F, 0xF81F, 0xF81F, 0xF81F, 0xF81F, 0xF81F, 0xF81F, 0xF81F, 0xF81F,
    0xF81F, 0xF81F, 0xF81F, 0xF81F, 0xF81F, 0xF81F, 0xF81F, 0xF81F, 0xF81F, 0x38E7, 0x38E7, 0x38E7,
    0x38E7, 0x38E7, 0x38E7, 0x38E7, 0x38E7, 0x38E7, 0xFF79, 0xFF79, 0xFF79, 0xFF79, 0xFF79, 0xFF79,
    0x38E7, 0x38E7, 0x38E7, 0xFF79, 0xFF79, 0xFF79, 0x38E7, 0x38E7, 0x38E7, 0x38E7, 0x38E7, 0x38E7,
    0x38E7, 0x38E7, 0x38E7, 0x38E7, 0x38E7, 0x38E7, 0x38E7, 0x38E7, 0x38E7, 0x38E7, 0x38E7, 0x38E7,
    0x38E7, 0x38E7, 0x38E7, 0x38E7, 0x38E7, 0x38E7, 0xFF79, 0xFF79, 0xFF79, 0x38E7, 0x38E7, 0x38E7,
    0xFF79, 0xFF79, 0xFF79, 0xFF79, 0xFF79, 0xFF79, 0x38E7, 0x38E7, 0x38E7, 0x38E7, 0x38E7, 0x38E7,
    0x38E7, 0x38E7, 0x38E7, 0xF81F, 0xF81F, 0xF81F, 0xF81F, 0xF81F, 0xF81F, 0xF81F, 0xF81F, 0xF81F,
    0xF81F, 0xF81F, 0xF81F, 0xF81F, 0xF81F, 0xF81F, 0xF81F, 0xF81F, 0xF81F, 0xF81F, 0xF81F, 0xF81F,
    0xF81F, 0xF81F, 0xF81F, 0xF81F, 0xF81F, 0xF81F, 0xF81F, 0xF81F, 0xF81F, 0xF81F, 0xF81F, 0xF81F,
    0xF81F, 0xF81F, 0xF81F, 0xF81F, 0xF81F, 0xF81F, 0xF81F, 0xF81F, 0xF81F, 0xF81F, 0xF81F, 0xF81F,
    0xF81F, 0xF81F, 0xF81F,
    0xF81F, 0xF81F, 0xF81F, 0xF81F, 0xF81F, 0xF81F, 0xF81F, 0xF81F, 0xF81F, 0xF81F, 0xF81F, 0xF81F,
    0xF81F, 0xF81F, 0xF81F, 0xF81F, 0xF81F, 0xF81F, 0xF81F, 0xF81F, 0xF81F, 0xF81F, 0xF81F, 0xF81F,
    0xF81F, 0xF81F, 0xF81F, 0xF81F, 0xF81F, 0xF81F, 0xF81F, 0xF81F, 0xF81F, 0x38E7, 0x38E7, 0x38E7,
    0x38E7, 0x38E7, 0x38E7, 0x38E7, 0x38E7, 0x38E7, 0xFF79, 0xFF79, 0xFF79, 0xFF79, 0xFF79, 0xFF79,
    0x38E7, 0x38E7, 0x38E7, 0xFF79, 0xFF79, 0xFF79, 0x38E7, 0x38E7, 0x38E7, 0x38E7, 0x38E7, 0x38E7,
    0x38E7, 0x38E7, 0x38E7, 0x38E7, 0x38E7, 0x38E7, 0x38E7, 0x38E7, 0x38E7, 0x38E7, 0x38E7, 0x38E7,
    0x38E7, 0x38E7, 0x38E7, 0x38E7, 0x38E7, 0x38E7, 0xFF79, 0xFF79, 0xFF79, 0x38E7, 0x38E7, 0x38E7,
    0xFF79, 0xFF79, 0xFF79, 0xFF79, 0xFF79, 0xFF79, 0x38E7, 0x38E7, 0x38E7, 0x38E7, 0x38E7, 0x38E7,
    0x38E7, 0x38E7, 0x38E7, 0xF81F, 0xF81F, 0xF81F, 0xF81F, 0xF81F, 0xF81F, 0xF81F, 0xF81F, 0xF81F,
    0xF81F, 0xF81F, 0xF81F, 0xF81F, 0xF81F, 0xF81F, 0xF81F, 0xF81F, 0xF81F, 0xF81F, 0xF81F, 0xF81F,
    0xF81F, 0xF81F, 0xF81F, 0xF81F, 0xF81F, 0xF81F, 0xF81F, 0xF81F, 0xF81F, 0xF81F, 0xF81F, 0xF81F,
    0xF81F, 0xF81F, 0xF81F, 0xF81F, 0xF81F, 0xF81F, 0xF81F, 0xF81F, 0xF81F, 0xF81F, 0xF81F, 0xF81F,
    0xF81F, 0xF81F, 0xF81F,
    0xF81F, 0xF81F, 0xF81F, 0xF81F, 0xF81F, 0xF81F, 0xF81F, 0xF81F, 0xF81F, 0xF81F, 0xF81F, 0xF81F,
    0xF81F, 0xF81F, 0xF81F, 0xF81F, 0xF81F, 0xF81F, 0xF81F, 0xF81F, 0xF81F, 0xF81F, 0xF81F, 0xF81F,
    0xF81F, 0xF81F, 0xF81F, 0xF81F, 0xF81F, 0xF81F, 0xF81F, 0xF81F, 0xF81F, 0x38E7, 0x38E7, 0x38E7,
    0x38E7, 0x38E7, 0x38E7, 0x38E7, 0x38E7, 0x38E7, 0xFF79, 0xFF79, 0xFF79, 0xFF79, 0xFF79, 0xFF79,
    0x38E7, 0x38E7, 0x38E7, 0xFF79, 0xFF79, 0xFF79, 0x38E7, 0x38E7, 0x38E7, 0x38E7, 0x38E7, 0x38E7,
    0x38E7, 0x38E7, 0x38E7, 0x38E7, 0x38E7, 0x38E7, 0x38E7, 0x38E7, 0x38E7, 0x38E7, 0x38E7, 0x38E7,
    0x38E7, 0x38E7, 0x38E7, 0x38E7, 0x38E7, 0x38E7, 0xFF79, 0xFF79, 0xFF79, 0x38E7, 0x38E7, 0x38E7,
    0xFF79, 0xFF79, 0xFF79, 0xFF79, 0xFF79, 0xFF79, 0x38E7, 0x38E7, 0x38E7, 0x38E7, 0x38E7, 0x38E7,
    0x38E7, 0x38E7, 0x38E7, 0xF81F, 0xF81F, 0xF81F, 0xF81F, 0xF81F, 0xF81F, 0xF81F, 0xF81F, 0xF81F,
    0xF81F, 0xF81F, 0xF81F, 0xF81F, 0xF81F, 0xF81F, 0xF81F, 0xF81F, 0xF81F, 0xF81F, 0xF81F, 0xF81F,
    0xF81F, 0xF81F, 0xF81F, 0xF81F, 0xF81F, 0xF81F, 0xF81F, 0xF81F, 0xF81F, 0xF81F, 0xF81F, 0xF81F,
    0xF81F, 0xF81F, 0xF81F, 0xF81F, 0xF81F, 0xF81F, 0xF81F, 0xF81F, 0xF81F, 0xF81F, 0xF81F, 0xF81F,
    0xF81F, 0xF81F, 0xF81F,
    0xF81F, 0xF81F, 0xF81F, 0xF81F, 0xF81F, 0xF81F, 0xF81F, 0xF81F, 0xF81F, 0xF81F, 0xF81F, 0xF81F,
    0xF81F, 0xF81F, 0xF81F, 0xF81F, 0xF81F, 0xF81F, 0xF81F, 0xF81F, 0xF81F, 0xF81F, 0xF81F, 0xF81F,
    0xF81F, 0xF81F, 0xF81F, 0xF81F, 0xF81F, 0xF81F, 0xF81F, 0xF81F, 0xF81F, 0xF81F, 0xF81F, 0xF81F,
    0xF81F, 0xF81F, 0xF81F, 0xF81F, 0xF81F, 0xF81F, 0x38E7, 0x38E7, 0x38E7, 0x38E7, 0x38E7, 0x38E7,
    0x38E7, 0x38E7, 0x38E7, 0x38E7, 0x38E7, 0x38E7, 0xF81F, 0xF81F, 0xF81F, 0xF81F, 0xF81F, 0xF81F,
    0xF81F, 0xF81F, 0xF81F, 0xF81F, 0xF81F, 0xF81F, 0xF81F, 0xF81F, 0xF81F, 0xF81F, 0xF81F, 0xF81F,
    0xF81F, 0xF81F, 0xF81F, 0xF81F, 0xF81F, 0xF81F, 0x38E7, 0x38E7, 0x38E7, 0x38E7, 0x38E7, 0x38E7,
    0x38E7, 0x38E7, 0x38E7, 0x38E7, 0x38E7, 0x38E7, 0xF81F, 0xF81F, 0xF81F, 0xF81F, 0xF81F, 0xF81F,
    0xF81F, 0xF81F, 0xF81F, 0xF81F, 0xF81F, 0xF81F, 0xF81F, 0xF81F, 0xF81F, 0xF81F, 0xF81F, 0xF81F,
    0xF81F, 0xF81F, 0xF81F, 0xF81F, 0xF81F, 0xF81F, 0xF81F, 0xF81F, 0xF81F, 0xF81F, 0xF81F, 0xF81F,
    0xF81F, 0xF81F, 0xF81F, 0xF81F, 0xF81F, 0xF81F, 0xF81F, 0xF81F, 0xF81F, 0xF81F, 0xF81F, 0xF81F,
    0xF81F, 0xF81F, 0xF81F, 0xF81F, 0xF81F, 0xF81F, 0xF81F, 0xF81F, 0xF81F, 0xF81F, 0xF81F, 0xF81F,
    0xF81F, 0xF81F, 0xF81F,
    0xF81F, 0xF81F, 0xF81F, 0xF81F, 0xF81F, 0xF81F, 0xF81F, 0xF81F, 0xF81F, 0xF81F, 0xF81F, 0xF81F,
    0xF81F, 0xF81F, 0xF81F, 0xF81F, 0xF81F, 0xF81F, 0xF81F, 0xF81F, 0xF81F, 0xF81F, 0xF81F, 0xF81F,
    0xF81F, 0xF81F, 0xF81F, 0xF81F, 0xF81F, 0xF81F, 0xF81F, 0xF81F, 0xF81F, 0xF81F, 0xF81F, 0xF81F,
    0xF81F, 0xF81F, 0xF81F, 0xF81F, 0xF81F, 0xF81F, 0x38E7, 0x38E7, 0x38E7, 0x38E7, 0x38E7, 0x38E7,
    0x38E7, 0x38E7, 0x38E7, 0x38E7, 0x38E7, 0x38E7, 0xF81F, 0xF81F, 0xF81F, 0xF81F, 0xF81F, 0xF81F,
    0xF81F, 0xF81F, 0xF81F, 0xF81F, 0xF81F, 0xF81F, 0xF81F, 0xF81F, 0xF81F, 0xF81F, 0xF81F, 0xF81F,
    0xF81F, 0xF81F, 0xF81F, 0xF81F, 0xF81F, 0xF81F, 0x38E7, 0x38E7, 0x38E7, 0x38E7, 0x38E7, 0x38E7,
    0x38E7, 0x38E7, 0x38E7, 0x38E7, 0x38E7, 0x38E7, 0xF81F, 0xF81F, 0xF81F, 0xF81F, 0xF81F, 0xF81F,
    0xF81F, 0xF81F, 0xF81F, 0xF81F, 0xF81F, 0xF81F, 0xF81F, 0xF81F, 0xF81F, 0xF81F, 0xF81F, 0xF81F,
    0xF81F, 0xF81F, 0xF81F, 0xF81F, 0xF81F, 0xF81F, 0xF81F, 0xF81F, 0xF81F, 0xF81F, 0xF81F, 0xF81F,
    0xF81F, 0xF81F, 0xF81F, 0xF81F, 0xF81F, 0xF81F, 0xF81F, 0xF81F, 0xF81F, 0xF81F, 0xF81F, 0xF81F,
    0xF81F, 0xF81F, 0xF81F, 0xF81F, 0xF81F, 0xF81F, 0xF81F, 0xF81F, 0xF81F, 0xF81F, 0xF81F, 0xF81F,
    0xF81F, 0xF81F, 0xF81F,
    0xF81F, 0xF81F, 0xF81F, 0xF81F, 0xF81F, 0xF81F, 0xF81F, 0xF81F, 0xF81F, 0xF81F, 0xF81F, 0xF81F,
    0xF81F, 0xF81F, 0xF81F, 0xF81F, 0xF81F, 0xF81F, 0xF81F, 0xF81F, 0xF81F, 0xF81F, 0xF81F, 0xF81F,
    0xF81F, 0xF81F, 0xF81F, 0xF81F, 0xF81F, 0xF81F, 0xF81F, 0xF81F, 0xF81F, 0xF81F, 0xF81F, 0xF81F,
    0xF81F, 0xF81F, 0xF81F, 0xF81F, 0xF81F, 0xF81F, 0x38E7, 0x38E7, 0x38E7, 0x38E7, 0x38E7, 0x38E7,
    0x38E7, 0x38E7, 0x38E7, 0x38E7, 0x38E7, 0x38E7, 0xF81F, 0xF81F, 0xF81F, 0xF81F, 0xF81F, 0xF81F,
    0xF81F, 0xF81F, 0xF81F, 0xF81F, 0xF81F, 0xF81F, 0xF81F, 0xF81F, 0xF81F, 0xF81F, 0xF81F, 0xF81F,
    0xF81F, 0xF81F, 0xF81F, 0xF81F, 0xF81F, 0xF81F, 0x38E7, 0x38E7, 0x38E7, 0x38E7, 0x38E7, 0x38E7,
    0x38E7, 0x38E7, 0x38E7, 0x38E7, 0x38E7, 0x38E7, 0xF81F, 0xF81F, 0xF81F, 0xF81F, 0xF81F, 0xF81F,
    0xF81F, 0xF81F, 0xF81F, 0xF81F, 0xF81F, 0xF81F, 0xF81F, 0xF81F, 0xF81F, 0xF81F, 0xF81F, 0xF81F,
    0xF81F, 0xF81F, 0xF81F, 0xF81F, 0xF81F, 0xF81F, 0xF81F, 0xF81F, 0xF81F, 0xF81F, 0xF81F, 0xF81F,
    0xF81F, 0xF81F, 0xF81F, 0xF81F, 0xF81F, 0xF81F, 0xF81F, 0xF81F, 0xF81F, 0xF81F, 0xF81F, 0xF81F,
    0xF81F, 0xF81F, 0xF81F, 0xF81F, 0xF81F, 0xF81F, 0xF81F, 0xF81F, 0xF81F, 0xF81F, 0xF81F, 0xF81F,
    0xF81F, 0xF81F, 0xF81F,
};
